model,scenario,Project_study,version,Ssp_family,Category
AIM/CGE 2.2,ADVANCE_WP2_IND-450-FullTech,ADVANCE Sector Studies,3.0,2.0,no-climate-assessment
AIM/CGE 2.2,ADVANCE_WP2_IND-Base-FullTech,ADVANCE Sector Studies,3.0,2.0,no-climate-assessment
AIM/CGE 2.2,ADVANCE_WP2_TRA-450-FullTech,ADVANCE Sector Studies,3.0,,no-climate-assessment
AIM/CGE 2.2,ADVANCE_WP2_TRA-Base-FullTech,ADVANCE Sector Studies,3.0,,no-climate-assessment
AIM/CGE 2.2,ADVANCE_WP2_TRA-Ctax-FullTech,ADVANCE Sector Studies,3.0,,no-climate-assessment
AIM/CGE 2.2,EN_INDCi2030_1000f,ENGAGE,3.0,2.0,C3
AIM/CGE 2.2,EN_INDCi2030_1200,ENGAGE,3.0,2.0,C4
AIM/CGE 2.2,EN_INDCi2030_1200f,ENGAGE,3.0,2.0,C4
AIM/CGE 2.2,EN_INDCi2030_1400,ENGAGE,3.0,2.0,C4
AIM/CGE 2.2,EN_INDCi2030_1400f,ENGAGE,3.0,2.0,C4
AIM/CGE 2.2,EN_INDCi2030_1600,ENGAGE,3.0,2.0,C5
AIM/CGE 2.2,EN_INDCi2030_1600f,ENGAGE,3.0,2.0,C5
AIM/CGE 2.2,EN_INDCi2030_1800,ENGAGE,3.0,2.0,C5
AIM/CGE 2.2,EN_INDCi2030_1800f,ENGAGE,3.0,2.0,C5
AIM/CGE 2.2,EN_INDCi2030_800f,ENGAGE,3.0,2.0,C3
AIM/CGE 2.2,EN_INDCi2030_900f,ENGAGE,3.0,2.0,C3
AIM/CGE 2.2,EN_INDCi2100,ENGAGE,3.0,2.0,C6
AIM/CGE 2.2,EN_NPi2020_1000,ENGAGE,3.0,2.0,C3
AIM/CGE 2.2,EN_NPi2020_1000f,ENGAGE,3.0,2.0,C3
AIM/CGE 2.2,EN_NPi2020_1200,ENGAGE,3.0,2.0,C3
AIM/CGE 2.2,EN_NPi2020_1200f,ENGAGE,3.0,2.0,C4
AIM/CGE 2.2,EN_NPi2020_1400,ENGAGE,3.0,2.0,C4
AIM/CGE 2.2,EN_NPi2020_1400f,ENGAGE,3.0,2.0,C4
AIM/CGE 2.2,EN_NPi2020_1600,ENGAGE,3.0,2.0,C5
AIM/CGE 2.2,EN_NPi2020_1600f,ENGAGE,3.0,2.0,C5
AIM/CGE 2.2,EN_NPi2020_1800,ENGAGE,3.0,2.0,C5
AIM/CGE 2.2,EN_NPi2020_1800f,ENGAGE,3.0,2.0,C5
AIM/CGE 2.2,EN_NPi2020_300f,ENGAGE,3.0,2.0,C1
AIM/CGE 2.2,EN_NPi2020_400f,ENGAGE,3.0,2.0,C2
AIM/CGE 2.2,EN_NPi2020_500f,ENGAGE,3.0,2.0,C2
AIM/CGE 2.2,EN_NPi2020_600,ENGAGE,3.0,2.0,C1
AIM/CGE 2.2,EN_NPi2020_600f,ENGAGE,3.0,2.0,C2
AIM/CGE 2.2,EN_NPi2020_700,ENGAGE,3.0,2.0,C3
AIM/CGE 2.2,EN_NPi2020_700f,ENGAGE,3.0,2.0,C3
AIM/CGE 2.2,EN_NPi2020_800,ENGAGE,3.0,2.0,C3
AIM/CGE 2.2,EN_NPi2020_800f,ENGAGE,3.0,2.0,C3
AIM/CGE 2.2,EN_NPi2020_900,ENGAGE,3.0,2.0,C3
AIM/CGE 2.2,EN_NPi2020_900f,ENGAGE,3.0,2.0,C3
AIM/CGE 2.2,EN_NPi2100,ENGAGE,3.0,2.0,C7
ALADIN 1.0,Baseline,,3.0,,
ALADIN 1.0,PR_WWH_Electro100,,3.0,,
ALADIN 1.0,PR_WWH_Hydrogen100,,3.0,,
C3IAM 1.0,SSP1_BAU,Wei 2018,4.0,1.0,failed-vetting
C3IAM 1.0,SSP2_BAU,Wei 2018,4.0,2.0,failed-vetting
C3IAM 1.0,SSP3_BAU,Wei 2018,4.0,3.0,failed-vetting
COFFEE 1.1,CO_2Deg2020,COMMIT,4.0,2.0,C4
COFFEE 1.1,CO_2Deg2030,COMMIT,4.0,2.0,C4
COFFEE 1.1,CO_BAU,COMMIT,4.0,2.0,C7
COFFEE 1.1,CO_Bridge,COMMIT,4.0,2.0,C3
COFFEE 1.1,CO_CurPol,COMMIT,4.0,2.0,C6
COFFEE 1.1,CO_GPP,COMMIT,4.0,2.0,C5
COFFEE 1.1,CO_NDCplus,COMMIT,5.0,2.0,C6
COFFEE 1.1,EN_INDCi2030_1000,ENGAGE,5.0,2.0,C4
COFFEE 1.1,EN_INDCi2030_1000_COV_NDCp,ENGAGE,5.0,2.0,failed-vetting
COFFEE 1.1,EN_INDCi2030_1000_NDCp,ENGAGE,5.0,2.0,C4
COFFEE 1.1,EN_INDCi2030_1000f,ENGAGE,5.0,2.0,C5
COFFEE 1.1,EN_INDCi2030_1000f_COV_NDCp,ENGAGE,5.0,2.0,failed-vetting
COFFEE 1.1,EN_INDCi2030_1000f_NDCp,ENGAGE,5.0,2.0,failed-vetting
COFFEE 1.1,EN_INDCi2030_1200,ENGAGE,5.0,2.0,C4
COFFEE 1.1,EN_INDCi2030_1200f,ENGAGE,5.0,2.0,C5
COFFEE 1.1,EN_INDCi2030_1400,ENGAGE,5.0,2.0,C5
COFFEE 1.1,EN_INDCi2030_1400f,ENGAGE,5.0,2.0,C5
COFFEE 1.1,EN_INDCi2030_1600,ENGAGE,5.0,2.0,C5
COFFEE 1.1,EN_INDCi2030_1600f,ENGAGE,5.0,2.0,C5
COFFEE 1.1,EN_INDCi2030_1800,ENGAGE,5.0,2.0,C5
COFFEE 1.1,EN_INDCi2030_1800f,ENGAGE,5.0,2.0,C5
COFFEE 1.1,EN_INDCi2030_2000,ENGAGE,5.0,2.0,C5
COFFEE 1.1,EN_INDCi2030_2000f,ENGAGE,5.0,2.0,C5
COFFEE 1.1,EN_INDCi2030_2500,ENGAGE,5.0,2.0,C6
COFFEE 1.1,EN_INDCi2030_2500f,ENGAGE,5.0,2.0,C6
COFFEE 1.1,EN_INDCi2030_400f,ENGAGE,5.0,2.0,C2
COFFEE 1.1,EN_INDCi2030_500,ENGAGE,5.0,2.0,C3
COFFEE 1.1,EN_INDCi2030_500f,ENGAGE,5.0,2.0,C2
COFFEE 1.1,EN_INDCi2030_600,ENGAGE,5.0,2.0,C3
COFFEE 1.1,EN_INDCi2030_600_COV_NDCp,ENGAGE,5.0,2.0,failed-vetting
COFFEE 1.1,EN_INDCi2030_600_NDCp,ENGAGE,5.0,2.0,C3
COFFEE 1.1,EN_INDCi2030_600f,ENGAGE,5.0,2.0,C4
COFFEE 1.1,EN_INDCi2030_600f_COV_NDCp,ENGAGE,5.0,2.0,failed-vetting
COFFEE 1.1,EN_INDCi2030_600f_NDCp,ENGAGE,5.0,2.0,failed-vetting
COFFEE 1.1,EN_INDCi2030_700,ENGAGE,5.0,2.0,C3
COFFEE 1.1,EN_INDCi2030_700f,ENGAGE,5.0,2.0,C4
COFFEE 1.1,EN_INDCi2030_800,ENGAGE,5.0,2.0,C3
COFFEE 1.1,EN_INDCi2030_800f,ENGAGE,5.0,2.0,C4
COFFEE 1.1,EN_INDCi2030_900,ENGAGE,5.0,2.0,C3
COFFEE 1.1,EN_INDCi2030_900f,ENGAGE,5.0,2.0,C4
COFFEE 1.1,EN_INDCi2100,ENGAGE,5.0,2.0,C6
COFFEE 1.1,EN_INDCi2100_COV_NDCp,ENGAGE,5.0,2.0,C6
COFFEE 1.1,EN_INDCi2100_NDCp,ENGAGE,5.0,2.0,failed-vetting
COFFEE 1.1,EN_NPi2020_1000,ENGAGE,5.0,2.0,C4
COFFEE 1.1,EN_NPi2020_1000_COV,ENGAGE,5.0,2.0,failed-vetting
COFFEE 1.1,EN_NPi2020_1000f,ENGAGE,5.0,2.0,C5
COFFEE 1.1,EN_NPi2020_1000f_COV,ENGAGE,5.0,2.0,failed-vetting
COFFEE 1.1,EN_NPi2020_1200,ENGAGE,5.0,2.0,C4
COFFEE 1.1,EN_NPi2020_1200f,ENGAGE,5.0,2.0,C5
COFFEE 1.1,EN_NPi2020_1400,ENGAGE,5.0,2.0,C5
COFFEE 1.1,EN_NPi2020_1400f,ENGAGE,5.0,2.0,C5
COFFEE 1.1,EN_NPi2020_1600,ENGAGE,5.0,2.0,C5
COFFEE 1.1,EN_NPi2020_1600f,ENGAGE,5.0,2.0,C5
COFFEE 1.1,EN_NPi2020_1800,ENGAGE,5.0,2.0,C5
COFFEE 1.1,EN_NPi2020_1800f,ENGAGE,5.0,2.0,C5
COFFEE 1.1,EN_NPi2020_2000,ENGAGE,5.0,2.0,C5
COFFEE 1.1,EN_NPi2020_2000f,ENGAGE,5.0,2.0,C5
COFFEE 1.1,EN_NPi2020_2500,ENGAGE,5.0,2.0,C6
COFFEE 1.1,EN_NPi2020_2500f,ENGAGE,5.0,2.0,C6
COFFEE 1.1,EN_NPi2020_400,ENGAGE,5.0,2.0,C1
COFFEE 1.1,EN_NPi2020_400_lowBECCS,ENGAGE,5.0,2.0,C3
COFFEE 1.1,EN_NPi2020_400f,ENGAGE,5.0,2.0,C2
COFFEE 1.1,EN_NPi2020_400f_lowBECCS,ENGAGE,5.0,2.0,C3
COFFEE 1.1,EN_NPi2020_500,ENGAGE,5.0,2.0,C3
COFFEE 1.1,EN_NPi2020_500f,ENGAGE,5.0,2.0,C2
COFFEE 1.1,EN_NPi2020_600,ENGAGE,5.0,2.0,C3
COFFEE 1.1,EN_NPi2020_600_COV,ENGAGE,5.0,2.0,failed-vetting
COFFEE 1.1,EN_NPi2020_600f,ENGAGE,5.0,2.0,C4
COFFEE 1.1,EN_NPi2020_600f_COV,ENGAGE,5.0,2.0,failed-vetting
COFFEE 1.1,EN_NPi2020_700,ENGAGE,5.0,2.0,C3
COFFEE 1.1,EN_NPi2020_700f,ENGAGE,5.0,2.0,C4
COFFEE 1.1,EN_NPi2020_800,ENGAGE,5.0,2.0,C3
COFFEE 1.1,EN_NPi2020_800f,ENGAGE,5.0,2.0,C4
COFFEE 1.1,EN_NPi2020_900,ENGAGE,5.0,2.0,C3
COFFEE 1.1,EN_NPi2020_900f,ENGAGE,5.0,2.0,C4
COFFEE 1.1,EN_NPi2100,ENGAGE,5.0,2.0,C6
COFFEE 1.1,EN_NPi2100_COV,ENGAGE,5.0,2.0,failed-vetting
DNE21+ V.ADVANCE,ADVANCE_WP2_IND-450-FullTech,ADVANCE Sector Studies,4.0,2.0,no-climate-assessment
DNE21+ V.ADVANCE,ADVANCE_WP2_IND-Base-FullTech,ADVANCE Sector Studies,5.0,2.0,no-climate-assessment
DNE21+ V.ADVANCE,ADVANCE_WP2_TRA-450-FullTech,ADVANCE Sector Studies,5.0,,no-climate-assessment
DNE21+ V.ADVANCE,ADVANCE_WP2_TRA-Base-FullTech,ADVANCE Sector Studies,5.0,,no-climate-assessment
DNE21+ V.ADVANCE,ADVANCE_WP2_TRA-Ctax-FullTech,ADVANCE Sector Studies,5.0,,no-climate-assessment
E3ME 6.1,1.5C,Holden 2018,5.0,2.0,no-climate-assessment
E3ME 6.1,1.5C OPEC sell-out,Holden 2018,5.0,2.0,no-climate-assessment
E3ME 6.1,2C,Holden 2018,5.0,2.0,no-climate-assessment
E3ME 6.1,2C OPEC sell-out,Holden 2018,5.0,2.0,no-climate-assessment
E3ME 6.1,Baseline,Holden 2018,5.0,2.0,no-climate-assessment
E3ME 6.1,PR_Baseline,PR Policy MIP,5.0,2.0,no-climate-assessment
E3ME 6.1,PR_CP_Intensity,PR Policy MIP,5.0,2.0,no-climate-assessment
E3ME 6.1,PR_CP_Price,PR Policy MIP,5.0,2.0,no-climate-assessment
E3ME 6.1,PR_NDC_Intensity,PR Policy MIP,5.0,2.0,no-climate-assessment
E3ME 6.1,PR_NDC_Price,PR Policy MIP,5.0,2.0,no-climate-assessment
EPPA 6,1.5CNow_Gradual,,4.0,2.0,failed-vetting
EPPA 6,1.5CNow_OptTax,,4.0,2.0,failed-vetting
EPPA 6,2CNow_Gradual,,4.0,2.0,C4
EPPA 6,2CNow_OptTax,,4.0,2.0,failed-vetting
EPPA 6,Paris1.5C_OptTax,,4.0,2.0,C3
EPPA 6,Paris2C_Gradual,,4.0,2.0,C4
EPPA 6,Paris2C_OptTax,,4.0,2.0,C4
EPPA 6,ParisFlat,,4.0,2.0,C6
EPPA 6,ParisForever,,4.0,2.0,C7
EPPA 6,Ref,,4.0,2.0,C7
GCAM 4.0,20% abatement (FF&I),CLIMACAP-LAMP,4.0,2.0,no-climate-assessment
GCAM 4.0,20% abatement (GHG),CLIMACAP-LAMP,4.0,2.0,no-climate-assessment
GCAM 4.0,450 concentration,CLIMACAP-LAMP,4.0,2.0,no-climate-assessment
GCAM 4.0,50% abatement (FF&I),CLIMACAP-LAMP,4.0,2.0,no-climate-assessment
GCAM 4.0,50% abatement (GHG),CLIMACAP-LAMP,4.0,2.0,no-climate-assessment
GCAM 4.0,550 concentration,CLIMACAP-LAMP,4.0,2.0,no-climate-assessment
GCAM 4.0,650 concentration,CLIMACAP-LAMP,4.0,2.0,no-climate-assessment
GCAM 4.0,Core baseline,CLIMACAP-LAMP,4.0,2.0,no-climate-assessment
GCAM 4.0,High CO2 price,CLIMACAP-LAMP,4.0,2.0,failed-vetting
GCAM 4.0,Low CO2 price,CLIMACAP-LAMP,4.0,2.0,no-climate-assessment
GCAM 4.0,Policy baseline,CLIMACAP-LAMP,4.0,2.0,no-climate-assessment
GCAM 5.2,"NGFS1_Current policies (Hot house world, Rep)",,4.0,2.0,C7
GCAM 5.2,"NGFS1_Immediate 2C with CDR (Orderly, Rep)",,4.0,2.0,C4
GCAM 5.3,NGFS2_Current Policies,NGFS2,4.0,2.0,C7
GCAM 5.3,NGFS2_Delayed Transition,NGFS2,4.0,2.0,C4
GCAM 5.3,NGFS2_Divergent Net Zero Policies,NGFS2,4.0,2.0,C2
GCAM 5.3,NGFS2_Nationally Determined Contributions (NDCs),NGFS2,4.0,2.0,C5
GCAM 5.3,NGFS2_Net-Zero 2050,NGFS2,4.0,2.0,C2
GCAM 5.3,R_BAU,Ou 2021,4.0,2.0,C7
GCAM 5.3,R_MAC_30_n0,Ou 2021,4.0,2.0,C1
GCAM 5.3,R_MAC_30_n8,Ou 2021,4.0,2.0,failed-vetting
GCAM 5.3,R_MAC_35_n0,Ou 2021,4.0,2.0,C3
GCAM 5.3,R_MAC_35_n8,Ou 2021,4.0,2.0,C1
GCAM 5.3,R_MAC_40_n0,Ou 2021,4.0,2.0,C3
GCAM 5.3,R_MAC_40_n8,Ou 2021,4.0,2.0,C1
GCAM 5.3,R_MAC_45_n0,Ou 2021,4.0,2.0,C3
GCAM 5.3,R_MAC_45_n8,Ou 2021,4.0,2.0,C1
GCAM 5.3,R_MAC_50_n0,Ou 2021,4.0,2.0,C3
GCAM 5.3,R_MAC_50_n8,Ou 2021,4.0,2.0,C1
GCAM 5.3,R_MAC_55_n0,Ou 2021,4.0,2.0,C3
GCAM 5.3,R_MAC_55_n8,Ou 2021,4.0,2.0,C2
GCAM 5.3,R_MAC_60_n0,Ou 2021,4.0,2.0,C3
GCAM 5.3,R_MAC_60_n8,Ou 2021,4.0,2.0,C2
GCAM 5.3,R_MAC_65_n0,Ou 2021,4.0,2.0,C3
GCAM 5.3,R_MAC_65_n8,Ou 2021,4.0,2.0,C3
GCAM 5.3,R_MAC_70_n0,Ou 2021,4.0,2.0,C4
GCAM 5.3,R_MAC_70_n8,Ou 2021,4.0,2.0,C3
GCAM 5.3,R_MAC_75_n0,Ou 2021,4.0,2.0,C4
GCAM 5.3,R_MAC_75_n8,Ou 2021,4.0,2.0,C3
GCAM 5.3,R_MAC_80_n0,Ou 2021,4.0,2.0,C4
GCAM 5.3,R_MAC_80_n8,Ou 2021,4.0,2.0,C4
GCAM 5.3,R_MAC_85_n0,Ou 2021,4.0,2.0,C5
GCAM 5.3,R_MAC_85_n8,Ou 2021,4.0,2.0,C4
GCAM 5.3,R_MAC_90_n0,Ou 2021,4.0,2.0,C5
GCAM 5.3,R_MAC_90_n8,Ou 2021,4.0,2.0,C4
GCAM 5.3,R_MAC_95_n0,Ou 2021,4.0,2.0,C5
GCAM 5.3,R_MAC_95_n8,Ou 2021,4.0,2.0,C4
GCAM 5.3,R_MAC_99_n0,Ou 2021,4.0,2.0,C5
GCAM 5.3,R_MAC_99_n8,Ou 2021,4.0,2.0,C5
GCAM 5.3,SSP1-DACCS-1p9-3pctHR,Fuhrman 2021,4.0,1.0,failed-vetting
GCAM 5.3,SSP1-DACCS-2p6-3pctHR,Fuhrman 2021,4.0,1.0,failed-vetting
GCAM 5.3,SSP1-highcostDACCS-2p6-3pctHR,Fuhrman 2021,4.0,1.0,failed-vetting
GCAM 5.3,SSP1-lowcostDACCS-2p6-3pctHR,Fuhrman 2021,4.0,1.0,failed-vetting
GCAM 5.3,SSP1-noDACCS-1p9-3pctHR,Fuhrman 2021,4.0,1.0,failed-vetting
GCAM 5.3,SSP1-noDACCS-2p6-3pctHR,Fuhrman 2021,4.0,1.0,failed-vetting
GCAM 5.3,SSP2-DACCS-2p6-3pctHR,Fuhrman 2021,4.0,2.0,failed-vetting
GCAM 5.3,SSP2-noDACCS-2p6-3pctHR,Fuhrman 2021,4.0,2.0,failed-vetting
GCAM 5.3,SSP4-DACCS-1p9-3pctHR,Fuhrman 2021,4.0,4.0,failed-vetting
GCAM 5.3,SSP4-DACCS-2p6-3pctHR,Fuhrman 2021,4.0,4.0,failed-vetting
GCAM 5.3,SSP4-highcostDACCS-2p6-3pctHR,Fuhrman 2021,3.0,4.0,failed-vetting
GCAM 5.3,SSP4-medcostDACCS-2p6-3pctHR,Fuhrman 2021,3.0,4.0,failed-vetting
GCAM 5.3,SSP4-noDACCS-1p9-3pctHR,Fuhrman 2021,3.0,4.0,failed-vetting
GCAM 5.3,SSP4-noDACCS-2p6-3pctHR,Fuhrman 2021,3.0,4.0,failed-vetting
GCAM 5.3,SSP5-DACCS-1p9-3pctHR,Fuhrman 2021,3.0,5.0,failed-vetting
GCAM 5.3,SSP5-DACCS-2p6-3pctHR,Fuhrman 2021,3.0,5.0,failed-vetting
GCAM 5.3,SSP5-noDACCS-2p6-3pctHR,Fuhrman 2021,3.0,5.0,failed-vetting
GCAM 5.3,SSP_SSP1,Ou 2021,3.0,1.0,no-climate-assessment
GCAM 5.3,SSP_SSP2,Ou 2021,3.0,2.0,C3
GCAM 5.3,SSP_SSP3,Ou 2021,3.0,3.0,C2
GCAM 5.3,SSP_SSP4,Ou 2021,3.0,4.0,C2
GCAM 5.3,SSP_SSP5,Ou 2021,3.0,5.0,C3
GCAM-PR 5.3,CSH,PR Harmonization MIP,3.0,2.0,no-climate-assessment
GCAM-PR 5.3,PCSH,PR Harmonization MIP,3.0,2.0,failed-vetting
GCAM-PR 5.3,PR_CP_Intensity,PR Policy MIP,3.0,2.0,failed-vetting
GCAM-PR 5.3,PR_CP_Price,PR Policy MIP,3.0,2.0,failed-vetting
GCAM-PR 5.3,PR_CP_PriceOnly,PR Policy MIP,3.0,2.0,C7
GCAM-PR 5.3,PR_NDC_Intensity,PR Policy MIP,3.0,2.0,failed-vetting
GCAM-PR 5.3,PR_NDC_Price,PR Policy MIP,3.0,2.0,failed-vetting
GCAM-PR 5.3,PR_NDC_PriceOnly,PR Policy MIP,3.0,2.0,C6
GCAM-PR 5.3,PR_baseline,PR Policy MIP,3.0,2.0,C7
GCAM-PR 5.3,R,PR Harmonization MIP,3.0,2.0,no-climate-assessment
GCAM-PR 5.3,SH,PR Harmonization MIP,3.0,2.0,no-climate-assessment
GCAM-PR 5.3,USComp+UpdPledges+RoWCond,de Ven 2021,3.0,2.0,no-climate-assessment
GCAM-PR 5.3,USComp+UpdPledges+RoWRatchet,de Ven 2021,3.0,2.0,no-climate-assessment
GCAM-PR 5.3,USCurM+RoWCond,de Ven 2021,3.0,2.0,no-climate-assessment
GCAM-PR 5.3,USCurM+RoWUncond,de Ven 2021,3.0,2.0,no-climate-assessment
GCAM-PR 5.3,USCurM+UpdPledges+RoWCond,de Ven 2021,3.0,2.0,no-climate-assessment
GCAM-PR 5.3,USCurM2020+RoWCond,de Ven 2021,3.0,2.0,no-climate-assessment
GCAM-PR 5.3,USCurM2020+RoWUncond,de Ven 2021,3.0,2.0,no-climate-assessment
GCAM-PR 5.3,USCurM2020+UpdPledges+RoWCond,de Ven 2021,3.0,2.0,no-climate-assessment
GCAM-PR 5.3,USEngage2020+UpdPledges+RoWCond,de Ven 2021,3.0,2.0,no-climate-assessment
GCAM-PR 5.3,USEngage2020+UpdPledges+RoWRatchet,de Ven 2021,3.0,2.0,no-climate-assessment
GCAM-USA 5.3,EN_NP_2025_-1002050,,3.0,,
GCAM-USA 5.3,EN_NP_2025_-502050,,3.0,,
GCAM-USA 5.3,EN_NP_BL,,3.0,,
GCAM-USA 5.3,EN_NP_CurPol,,3.0,,
GCAM-USA 5.3,EN_NP_UNDC,,3.0,,
GCAM5.2_NET,GCAM_1.5C_high_os_high-cost-DAC,Fuhrman 2020,3.0,2.0,failed-vetting
GCAM5.2_NET,GCAM_1.5C_high_os_low-cost-DAC,Fuhrman 2020,3.0,2.0,failed-vetting
GCAM5.2_NET,GCAM_1.5C_low_os_high-cost-DAC,Fuhrman 2020,3.0,2.0,failed-vetting
GCAM5.2_NET,GCAM_1.5C_low_os_low-cost-DAC,Fuhrman 2020,3.0,2.0,failed-vetting
GCAM5.2_NET,GCAM_1.5C_low_os_noDAC,Fuhrman 2020,3.0,2.0,failed-vetting
GEM-E3 V1,CD-LINKS_INDCi,CD-LINKS,3.0,2.0,failed-vetting
GEM-E3 V1,CD-LINKS_INDCi_recGenTaxation,CD-LINKS,3.0,2.0,no-climate-assessment
GEM-E3 V1,CD-LINKS_INDCi_recSocialSecurity,CD-LINKS,3.0,2.0,no-climate-assessment
GEM-E3 V1,CD-LINKS_NPi,CD-LINKS,3.0,2.0,failed-vetting
GEM-E3 V1,CD-LINKS_NPi2020_1000,CD-LINKS,3.0,2.0,failed-vetting
GEM-E3 V1,CD-LINKS_NPi2020_1000_recGenTaxation,CD-LINKS,3.0,2.0,no-climate-assessment
GEM-E3 V1,CD-LINKS_NPi2020_1000_recSocialSecurity,CD-LINKS,3.0,2.0,no-climate-assessment
GEM-E3 V1,CD-LINKS_NPi2020_1600,CD-LINKS,3.0,2.0,failed-vetting
GEM-E3 V1,CD-LINKS_NPi2020_400,CD-LINKS,3.0,2.0,failed-vetting
GEM-E3 V1,CD-LINKS_NPi2020_400_recGenTaxation,CD-LINKS,3.0,2.0,failed-vetting
GEM-E3 V1,CD-LINKS_NPi2020_400_recSocialSecurity,CD-LINKS,3.0,2.0,failed-vetting
GEM-E3_V2021,EN_INDCi2030_1000,ENGAGE,3.0,2.0,C3
GEM-E3_V2021,EN_INDCi2030_1000_COV,ENGAGE,3.0,2.0,C3
GEM-E3_V2021,EN_INDCi2030_1000_COV_NDCp,ENGAGE,3.0,2.0,C3
GEM-E3_V2021,EN_INDCi2030_1000_NDCp,ENGAGE,3.0,2.0,C3
GEM-E3_V2021,EN_INDCi2030_1000f,ENGAGE,3.0,2.0,C4
GEM-E3_V2021,EN_INDCi2030_1000f_COV,ENGAGE,3.0,2.0,C3
GEM-E3_V2021,EN_INDCi2030_1000f_COV_NDCp,ENGAGE,3.0,2.0,C3
GEM-E3_V2021,EN_INDCi2030_1000f_NDCp,ENGAGE,3.0,2.0,C4
GEM-E3_V2021,EN_INDCi2030_1400,ENGAGE,3.0,2.0,C4
GEM-E3_V2021,EN_INDCi2030_1400f,ENGAGE,3.0,2.0,C4
GEM-E3_V2021,EN_INDCi2030_1800,ENGAGE,3.0,2.0,C5
GEM-E3_V2021,EN_INDCi2030_1800f,ENGAGE,3.0,2.0,C5
GEM-E3_V2021,EN_INDCi2030_600f,ENGAGE,3.0,2.0,C2
GEM-E3_V2021,EN_INDCi2030_600f_COV,ENGAGE,3.0,2.0,C2
GEM-E3_V2021,EN_INDCi2030_600f_COV_NDCp,ENGAGE,3.0,2.0,C2
GEM-E3_V2021,EN_INDCi2030_600f_NDCp,ENGAGE,3.0,2.0,C2
GEM-E3_V2021,EN_INDCi2030_800,ENGAGE,3.0,2.0,C3
GEM-E3_V2021,EN_INDCi2030_800f,ENGAGE,3.0,2.0,C2
GEM-E3_V2021,EN_INDCi2100,ENGAGE,3.0,2.0,C7
GEM-E3_V2021,EN_INDCi2100_COV,ENGAGE,3.0,2.0,C6
GEM-E3_V2021,EN_INDCi2100_COV_NDCp,ENGAGE,3.0,2.0,C6
GEM-E3_V2021,EN_INDCi2100_NDCp,ENGAGE,3.0,2.0,C6
GEM-E3_V2021,EN_NPi2020_1000,ENGAGE,3.0,2.0,C3
GEM-E3_V2021,EN_NPi2020_1000_COV,ENGAGE,3.0,2.0,C3
GEM-E3_V2021,EN_NPi2020_1000f,ENGAGE,3.0,2.0,C4
GEM-E3_V2021,EN_NPi2020_1000f_COV,ENGAGE,3.0,2.0,C3
GEM-E3_V2021,EN_NPi2020_1400,ENGAGE,3.0,2.0,C5
GEM-E3_V2021,EN_NPi2020_1400f,ENGAGE,3.0,2.0,C4
GEM-E3_V2021,EN_NPi2020_1800,ENGAGE,3.0,2.0,C5
GEM-E3_V2021,EN_NPi2020_1800f,ENGAGE,3.0,2.0,C5
GEM-E3_V2021,EN_NPi2020_400f,ENGAGE,3.0,2.0,C2
GEM-E3_V2021,EN_NPi2020_500,ENGAGE,3.0,2.0,C1
GEM-E3_V2021,EN_NPi2020_500f,ENGAGE,3.0,2.0,C2
GEM-E3_V2021,EN_NPi2020_600,ENGAGE,3.0,2.0,C2
GEM-E3_V2021,EN_NPi2020_600_COV,ENGAGE,2.0,2.0,C1
GEM-E3_V2021,EN_NPi2020_600f,ENGAGE,2.0,2.0,C2
GEM-E3_V2021,EN_NPi2020_600f_COV,ENGAGE,2.0,2.0,C2
GEM-E3_V2021,EN_NPi2020_800,ENGAGE,2.0,2.0,C3
GEM-E3_V2021,EN_NPi2020_800f,ENGAGE,2.0,2.0,C3
GEM-E3_V2021,EN_NPi2100,ENGAGE,2.0,2.0,C7
GEM-E3_V2021,EN_NPi2100_COV,ENGAGE,2.0,2.0,C7
GEMINI-E3 7.0,CSH,,2.0,,
GEMINI-E3 7.0,PCSH,,2.0,,
GEMINI-E3 7.0,PR_Baseline,PR Policy MIP,2.0,2.0,no-climate-assessment
GEMINI-E3 7.0,PR_CP_Intensity,PR Policy MIP,2.0,2.0,no-climate-assessment
GEMINI-E3 7.0,PR_CP_Price,PR Policy MIP,2.0,2.0,no-climate-assessment
GEMINI-E3 7.0,PR_CP_PriceOnly,PR Policy MIP,2.0,2.0,no-climate-assessment
GEMINI-E3 7.0,PR_CurPol_EI,,2.0,,
GEMINI-E3 7.0,PR_NDC_EI,,2.0,,
GEMINI-E3 7.0,PR_NDC_Intensity,PR Policy MIP,2.0,2.0,no-climate-assessment
GEMINI-E3 7.0,PR_NDC_Price,PR Policy MIP,2.0,2.0,no-climate-assessment
GEMINI-E3 7.0,R,,2.0,,
GEMINI-E3 7.0,SH,,2.0,,
GENeSYS-MOD 2.9,Directed Transition 1.0,,2.0,,
GENeSYS-MOD 2.9,Gradual Development 1.0,,2.0,,
GENeSYS-MOD 2.9,Societal Commitment 1.0,,2.0,,
GENeSYS-MOD 2.9,Techno-Friendly 1.0,,2.0,,
GMM-17,Hard_Rock,Kober 2018,2.0,2.0,no-climate-assessment
GMM-17,Modern_Jazz,Kober 2018,2.0,2.0,no-climate-assessment
GMM-17,Symphony_1.5C,Kober 2018,2.0,2.0,no-climate-assessment
GMM-17,Unfinished_Symphony,Kober 2018,2.0,2.0,no-climate-assessment
HEB 2.0,Deep,Urge-Vorsatz 2021,2.0,,no-climate-assessment
HEB 2.0,Moderate,Urge-Vorsatz 2021,2.0,,no-climate-assessment
ICES-XPS 1.0,CSH,PR Harmonization MIP,2.0,2.0,failed-vetting
ICES-XPS 1.0,PCSH,PR Harmonization MIP,2.0,2.0,failed-vetting
ICES-XPS 1.0,PR_Baseline,PR Policy MIP,2.0,2.0,failed-vetting
ICES-XPS 1.0,PR_CP_Intensity,PR Policy MIP,2.0,2.0,failed-vetting
ICES-XPS 1.0,PR_CP_Price,PR Policy MIP,2.0,2.0,failed-vetting
ICES-XPS 1.0,PR_CP_PriceOnly,PR Policy MIP,2.0,2.0,failed-vetting
ICES-XPS 1.0,PR_CurPol_EI,,2.0,,
ICES-XPS 1.0,PR_NDC_EI,,2.0,,
ICES-XPS 1.0,PR_NDC_Intensity,PR Policy MIP,2.0,2.0,failed-vetting
ICES-XPS 1.0,PR_NDC_Price,PR Policy MIP,2.0,2.0,failed-vetting
ICES-XPS 1.0,PR_NDC_PriceOnly,PR Policy MIP,2.0,2.0,failed-vetting
ICES-XPS 1.0,R,PR Harmonization MIP,2.0,2.0,failed-vetting
ICES-XPS 1.0,SH,PR Harmonization MIP,2.0,2.0,failed-vetting
IIASAPOP 2.0,SSP1,,2.0,1.0,failed-vetting
IIASAPOP 2.0,SSP2,,2.0,2.0,failed-vetting
IIASAPOP 2.0,SSP3,,2.0,3.0,failed-vetting
IIASAPOP 2.0,SSP4,,2.0,4.0,failed-vetting
IIASAPOP 2.0,SSP5,,2.0,5.0,failed-vetting
IMACLIM 1.1,ADVANCE_2020_1.5C-2100_WP6,ADVANCE,2.0,2.0,no-climate-assessment
IMACLIM 1.1,ADVANCE_2020_Med2C_WP6,ADVANCE,2.0,2.0,failed-vetting
IMACLIM 1.1,ADVANCE_2020_WB2C_WP6,ADVANCE,2.0,2.0,no-climate-assessment
IMACLIM 1.1,ADVANCE_2030_Med2C_WP6,ADVANCE,2.0,2.0,failed-vetting
IMACLIM 1.1,ADVANCE_2030_Price1.5C_WP6,ADVANCE,2.0,2.0,failed-vetting
IMACLIM 1.1,ADVANCE_2030_WB2C_WP6,ADVANCE,2.0,2.0,failed-vetting
IMACLIM 1.1,ADVANCE_INDC_WP6,ADVANCE,2.0,2.0,failed-vetting
IMACLIM 1.1,ADVANCE_NoPolicy_WP6,ADVANCE,2.0,2.0,no-climate-assessment
IMACLIM 1.1,ADVANCE_Reference_WP6,ADVANCE,2.0,2.0,failed-vetting
IMACLIM 1.1,SSP1_NoPolicy_TranspBase,Fisch-Romito 2019,2.0,1.0,no-climate-assessment
IMACLIM 1.1,SSP1_NoPolicy_TranspOpt,Fisch-Romito 2019,2.0,1.0,no-climate-assessment
IMACLIM 1.1,SSP1_RCP34_TranspBase,Fisch-Romito 2019,2.0,1.0,failed-vetting
IMACLIM 1.1,SSP1_RCP34_TranspOpt,Fisch-Romito 2019,2.0,1.0,failed-vetting
IMACLIM 1.1,SSP1_RCP45_TranspBase,Fisch-Romito 2019,2.0,1.0,failed-vetting
IMACLIM 1.1,SSP1_RCP45_TranspOpt,Fisch-Romito 2019,2.0,1.0,failed-vetting
IMACLIM 1.1,SSP3_NoPolicy_TranspBase,Fisch-Romito 2019,2.0,3.0,no-climate-assessment
IMACLIM 1.1,SSP3_NoPolicy_TranspOpt,Fisch-Romito 2019,2.0,3.0,no-climate-assessment
IMACLIM 1.1,SSP3_NoPolicy_Transp_111,Fisch-Romito 2019,2.0,3.0,no-climate-assessment
IMACLIM 1.1,SSP3_NoPolicy_Transp_112,Fisch-Romito 2019,2.0,3.0,no-climate-assessment
IMACLIM 1.1,SSP3_NoPolicy_Transp_121,Fisch-Romito 2019,2.0,3.0,no-climate-assessment
IMACLIM 1.1,SSP3_NoPolicy_Transp_211,Fisch-Romito 2019,2.0,3.0,no-climate-assessment
IMACLIM 1.1,SSP3_NoPolicy_Transp_222,Fisch-Romito 2019,2.0,3.0,no-climate-assessment
IMACLIM 1.1,SSP3_RCP26_Transp_111,Fisch-Romito 2019,2.0,3.0,no-climate-assessment
IMACLIM 1.1,SSP3_RCP26_Transp_112,Fisch-Romito 2019,2.0,3.0,no-climate-assessment
IMACLIM 1.1,SSP3_RCP26_Transp_121,Fisch-Romito 2019,2.0,3.0,no-climate-assessment
IMACLIM 1.1,SSP3_RCP26_Transp_211,Fisch-Romito 2019,2.0,3.0,no-climate-assessment
IMACLIM 1.1,SSP3_RCP26_Transp_222,Fisch-Romito 2019,2.0,3.0,no-climate-assessment
IMACLIM 1.1,SSP3_RCP34_TranspBase,Fisch-Romito 2019,2.0,3.0,failed-vetting
IMACLIM 1.1,SSP3_RCP34_TranspOpt,Fisch-Romito 2019,2.0,3.0,failed-vetting
IMACLIM 1.1,SSP3_RCP34_Transp_111,Fisch-Romito 2019,2.0,3.0,no-climate-assessment
IMACLIM 1.1,SSP3_RCP34_Transp_112,Fisch-Romito 2019,2.0,3.0,no-climate-assessment
IMACLIM 1.1,SSP3_RCP34_Transp_121,Fisch-Romito 2019,2.0,3.0,no-climate-assessment
IMACLIM 1.1,SSP3_RCP34_Transp_211,Fisch-Romito 2019,2.0,3.0,no-climate-assessment
IMACLIM 1.1,SSP3_RCP34_Transp_222,Fisch-Romito 2019,2.0,3.0,no-climate-assessment
IMACLIM 1.1,SSP3_RCP45_TranspBase,Fisch-Romito 2019,2.0,3.0,failed-vetting
IMACLIM 1.1,SSP3_RCP45_TranspOpt,Fisch-Romito 2019,2.0,3.0,failed-vetting
IMACLIM 1.1,SSP3_RCP45_Transp_111,Fisch-Romito 2019,2.0,3.0,no-climate-assessment
IMACLIM 1.1,SSP3_RCP45_Transp_112,Fisch-Romito 2019,2.0,3.0,no-climate-assessment
IMACLIM 1.1,SSP3_RCP45_Transp_121,Fisch-Romito 2019,2.0,3.0,no-climate-assessment
IMACLIM 1.1,SSP3_RCP45_Transp_211,Fisch-Romito 2019,2.0,3.0,no-climate-assessment
IMACLIM 1.1,SSP3_RCP45_Transp_222,Fisch-Romito 2019,2.0,3.0,no-climate-assessment
IMACLIM 1.1,base_DemandHigh_FossilHigh_TechHigh,Mejean 2019,2.0,2.0,failed-vetting
IMACLIM 1.1,base_DemandHigh_FossilLow_TechHigh,Mejean 2019,2.0,2.0,failed-vetting
IMACLIM 1.1,base_DemandHigh_FossilLow_TechLow,Mejean 2019,2.0,2.0,no-climate-assessment
IMACLIM 1.1,base_DemandLow_FossilHigh_TechHigh,Mejean 2019,2.0,2.0,failed-vetting
IMACLIM 1.1,base_DemandLow_FossilHigh_TechLow,Mejean 2019,2.0,2.0,no-climate-assessment
IMACLIM 1.1,base_DemandLow_FossilLow_TechHigh,Mejean 2019,2.0,2.0,failed-vetting
IMACLIM 1.1,base_DemandLow_FossilLow_TechLow,Mejean 2019,2.0,2.0,no-climate-assessment
IMACLIM 1.1,peak2016_DemandHigh_FossilHigh_TechHigh,Mejean 2019,2.0,2.0,failed-vetting
IMACLIM 1.1,peak2016_DemandHigh_FossilLow_TechHigh,Mejean 2019,2.0,2.0,failed-vetting
IMACLIM 1.1,peak2016_DemandHigh_FossilLow_TechLow,Mejean 2019,2.0,2.0,failed-vetting
IMACLIM 1.1,peak2016_DemandLow_FossilHigh_TechHigh,Mejean 2019,2.0,2.0,failed-vetting
IMACLIM 1.1,peak2016_DemandLow_FossilHigh_TechLow,Mejean 2019,2.0,2.0,failed-vetting
IMACLIM 1.1,peak2016_DemandLow_FossilLow_TechHigh,Mejean 2019,2.0,2.0,failed-vetting
IMACLIM 1.1,peak2016_DemandLow_FossilLow_TechLow,Mejean 2019,2.0,2.0,failed-vetting
IMACLIM 1.1,peak2020_DemandHigh_FossilHigh_TechHigh,Mejean 2019,2.0,2.0,failed-vetting
IMACLIM 1.1,peak2020_DemandHigh_FossilLow_TechHigh,Mejean 2019,2.0,2.0,failed-vetting
IMACLIM 1.1,peak2020_DemandHigh_FossilLow_TechLow,Mejean 2019,2.0,2.0,failed-vetting
IMACLIM 1.1,peak2020_DemandLow_FossilHigh_TechHigh,Mejean 2019,2.0,2.0,failed-vetting
IMACLIM 1.1,peak2020_DemandLow_FossilHigh_TechLow,Mejean 2019,2.0,2.0,failed-vetting
IMACLIM 1.1,peak2020_DemandLow_FossilLow_TechHigh,Mejean 2019,2.0,2.0,failed-vetting
IMACLIM 1.1,peak2020_DemandLow_FossilLow_TechLow,Mejean 2019,2.0,2.0,failed-vetting
IMACLIM 1.1,peak2025_DemandHigh_FossilHigh_TechHigh,Mejean 2019,2.0,2.0,failed-vetting
IMACLIM 1.1,peak2025_DemandHigh_FossilLow_TechHigh,Mejean 2019,2.0,2.0,failed-vetting
IMACLIM 1.1,peak2025_DemandHigh_FossilLow_TechLow,Mejean 2019,2.0,2.0,failed-vetting
IMACLIM 1.1,peak2025_DemandLow_FossilHigh_TechHigh,Mejean 2019,2.0,2.0,failed-vetting
IMACLIM 1.1,peak2025_DemandLow_FossilHigh_TechLow,Mejean 2019,2.0,2.0,failed-vetting
IMACLIM 1.1,peak2025_DemandLow_FossilLow_TechHigh,Mejean 2019,2.0,2.0,failed-vetting
IMAGE 3.0,ADVANCE_WP2_IND-450-FullTech,ADVANCE Sector Studies,2.0,2.0,no-climate-assessment
IMAGE 3.0,ADVANCE_WP2_IND-Base-FullTech,ADVANCE Sector Studies,2.0,2.0,no-climate-assessment
IMAGE 3.0,ADVANCE_WP2_TRA-450-FullTech,ADVANCE Sector Studies,2.0,,no-climate-assessment
IMAGE 3.0,ADVANCE_WP2_TRA-Base-FullTech,ADVANCE Sector Studies,2.0,,no-climate-assessment
IMAGE 3.0,ADVANCE_WP2_TRA-Ctax-FullTech,ADVANCE Sector Studies,2.0,,no-climate-assessment
IMAGE 3.0,CO_2Deg2020,COMMIT,2.0,2.0,C3
IMAGE 3.0,CO_2Deg2030,COMMIT,2.0,2.0,C3
IMAGE 3.0,CO_BAU,COMMIT,2.0,2.0,C7
IMAGE 3.0,CO_Bridge,COMMIT,2.0,2.0,C3
IMAGE 3.0,CO_CurPol,COMMIT,2.0,2.0,C7
IMAGE 3.0,CO_GPP,COMMIT,2.0,2.0,C5
IMAGE 3.0,CO_NDCplus,COMMIT,2.0,2.0,C7
IMAGE 3.0,EN_INDCi2030_1000,ENGAGE,2.0,2.0,C4
IMAGE 3.0,EN_INDCi2030_1000f,ENGAGE,2.0,2.0,C4
IMAGE 3.0,EN_INDCi2030_1200,ENGAGE,2.0,2.0,C4
IMAGE 3.0,EN_INDCi2030_1200f,ENGAGE,2.0,2.0,C4
IMAGE 3.0,EN_INDCi2030_1400,ENGAGE,2.0,2.0,C5
IMAGE 3.0,EN_INDCi2030_1400f,ENGAGE,2.0,2.0,C4
IMAGE 3.0,EN_INDCi2030_3000,ENGAGE,2.0,2.0,C6
IMAGE 3.0,EN_INDCi2030_3000f,ENGAGE,2.0,2.0,C6
IMAGE 3.0,EN_INDCi2030_800f,ENGAGE,2.0,2.0,C3
IMAGE 3.0,EN_INDCi2100,ENGAGE,2.0,2.0,C7
IMAGE 3.0,EN_NPi2020_1000,ENGAGE,2.0,2.0,C3
IMAGE 3.0,EN_NPi2020_1000f,ENGAGE,2.0,2.0,C3
IMAGE 3.0,EN_NPi2020_1200,ENGAGE,2.0,2.0,C4
IMAGE 3.0,EN_NPi2020_1200f,ENGAGE,2.0,2.0,C4
IMAGE 3.0,EN_NPi2020_1400,ENGAGE,2.0,2.0,C4
IMAGE 3.0,EN_NPi2020_1400f,ENGAGE,2.0,2.0,C4
IMAGE 3.0,EN_NPi2020_3000,ENGAGE,2.0,2.0,C6
IMAGE 3.0,EN_NPi2020_3000f,ENGAGE,2.0,2.0,C6
IMAGE 3.0,EN_NPi2020_600f,ENGAGE,2.0,2.0,C3
IMAGE 3.0,EN_NPi2020_800,ENGAGE,2.0,2.0,C3
IMAGE 3.0,EN_NPi2020_800f,ENGAGE,2.0,2.0,C3
IMAGE 3.0,EN_NPi2100,ENGAGE,2.0,2.0,C7
IMAGE 3.0,EN_NoPolicy,ENGAGE,2.0,2.0,C7
IMAGE 3.2,SSP1-baseline,van Vuuren 2021,2.0,1.0,C7
IMAGE 3.2,SSP1_SPA1_19I_D,van Vuuren 2021,2.0,1.0,C2
IMAGE 3.2,SSP1_SPA1_19I_D_LB,van Vuuren 2021,2.0,1.0,C1
IMAGE 3.2,SSP1_SPA1_19I_LI,van Vuuren 2021,2.0,1.0,C2
IMAGE 3.2,SSP1_SPA1_19I_LIRE,van Vuuren 2021,2.0,1.0,C2
IMAGE 3.2,SSP1_SPA1_19I_LIRE_LB,van Vuuren 2021,2.0,1.0,C1
IMAGE 3.2,SSP1_SPA1_19I_RE,van Vuuren 2021,2.0,1.0,C2
IMAGE 3.2,SSP1_SPA1_19I_RE_LB,van Vuuren 2021,2.0,1.0,C1
IMAGE 3.2,SSP1_SPA1_26I_D,van Vuuren 2021,2.0,1.0,C3
IMAGE 3.2,SSP1_SPA1_26I_LI,van Vuuren 2021,2.0,1.0,C3
IMAGE 3.2,SSP1_SPA1_26I_LIRE,van Vuuren 2021,2.0,1.0,C3
IMAGE 3.2,SSP1_SPA1_26I_RE,van Vuuren 2021,2.0,1.0,C3
IMAGE 3.2,SSP1_SPA1_34I_D,van Vuuren 2021,2.0,1.0,C5
IMAGE 3.2,SSP1_SPA1_34I_LI,van Vuuren 2021,2.0,1.0,C5
IMAGE 3.2,SSP1_SPA1_34I_LIRE,van Vuuren 2021,2.0,1.0,C5
IMAGE 3.2,SSP1_SPA1_34I_RE,van Vuuren 2021,2.0,1.0,C5
IMAGE 3.2,SSP2-baseline,van Vuuren 2021,2.0,,C7
IMAGE 3.2,SSP2_SPA0_26I_D,van Vuuren 2021,2.0,2.0,C3
IMAGE 3.2,SSP2_SPA1_19I_D_LB,van Vuuren 2021,2.0,2.0,C1
IMAGE 3.2,SSP2_SPA1_19I_LIRE_LB,van Vuuren 2021,2.0,2.0,C1
IMAGE 3.2,SSP2_SPA1_19I_RE_LB,van Vuuren 2021,2.0,2.0,C1
IMAGE 3.2,SSP2_SPA2_19I_D,van Vuuren 2021,2.0,2.0,C2
IMAGE 3.2,SSP2_SPA2_19I_LI,van Vuuren 2021,2.0,2.0,C1
IMAGE 3.2,SSP2_SPA2_19I_LIRE,van Vuuren 2021,2.0,2.0,C2
IMAGE 3.2,SSP2_SPA2_19I_RE,van Vuuren 2021,2.0,2.0,C2
IMAGE 3.2,SSP2_SPA2_26I_D,van Vuuren 2021,2.0,2.0,C3
IMAGE 3.2,SSP2_SPA2_26I_LI,van Vuuren 2021,2.0,2.0,C3
IMAGE 3.2,SSP2_SPA2_26I_LIRE,van Vuuren 2021,2.0,2.0,C3
IMAGE 3.2,SSP2_SPA2_26I_RE,van Vuuren 2021,2.0,2.0,C3
IMAGE 3.2,SSP2_SPA2_34I_D,van Vuuren 2021,2.0,2.0,C5
IMAGE 3.2,SSP2_SPA2_34I_LI,van Vuuren 2021,2.0,2.0,C5
IMAGE 3.2,SSP2_SPA2_34I_LIRE,van Vuuren 2021,2.0,2.0,C5
IMAGE 3.2,SSP2_SPA2_34I_RE,van Vuuren 2021,2.0,2.0,C5
IMAGE 3.2,SSP2_SPA2_45I_D,van Vuuren 2021,2.0,2.0,C6
IMAGE 3.2,SSP2_SPA2_45I_LI,van Vuuren 2021,2.0,2.0,C6
IMAGE 3.2,SSP2_SPA2_45I_LIRE,van Vuuren 2021,2.0,2.0,C6
IMAGE 3.2,SSP2_SPA2_45I_RE,van Vuuren 2021,2.0,2.0,C6
IMAGE 3.2,SSP3-baseline,van Vuuren 2021,2.0,3.0,C7
IMAGE 3.2,SSP4-baseline,van Vuuren 2021,2.0,4.0,C7
IMAGE 3.2,SSP5-baseline,van Vuuren 2021,2.0,5.0,C8
LUT-ESTM 1.0,Leadership-Europe,,2.0,,
LUT-ESTM 1.0,Moderate-Europe,,2.0,,
MAgPIE 4.2,SSP2_RCP2.6,Humpenoeder 2020,2.0,2.0,no-climate-assessment
MAgPIE 4.2,SSP2_RCP2.6+PeatProt,Humpenoeder 2020,2.0,2.0,no-climate-assessment
MAgPIE 4.2,SSP2_RCP2.6+PeatRestor,Humpenoeder 2020,2.0,2.0,no-climate-assessment
MESSAGE-Transport V.5,ADVANCE_WP2_TRA-450-FullTech,ADVANCE Sector Studies,2.0,,no-climate-assessment
MESSAGE-Transport V.5,ADVANCE_WP2_TRA-Base-FullTech,ADVANCE Sector Studies,2.0,,no-climate-assessment
MESSAGE-Transport V.5,ADVANCE_WP2_TRA-Ctax-FullTech,ADVANCE Sector Studies,2.0,,no-climate-assessment
MESSAGEix-GLOBIOM_1.1,EN_INDCi2030_1000,ENGAGE,2.0,2.0,C3
MESSAGEix-GLOBIOM_1.1,EN_INDCi2030_1000_COV,ENGAGE,2.0,2.0,C3
MESSAGEix-GLOBIOM_1.1,EN_INDCi2030_1000_COV_NDCp,ENGAGE,2.0,2.0,C3
MESSAGEix-GLOBIOM_1.1,EN_INDCi2030_1000_NDCp,ENGAGE,2.0,2.0,C3
MESSAGEix-GLOBIOM_1.1,EN_INDCi2030_1000f,ENGAGE,2.0,2.0,C4
MESSAGEix-GLOBIOM_1.1,EN_INDCi2030_1000f_COV,ENGAGE,2.0,2.0,C3
MESSAGEix-GLOBIOM_1.1,EN_INDCi2030_1000f_COV_NDCp,ENGAGE,2.0,2.0,C3
MESSAGEix-GLOBIOM_1.1,EN_INDCi2030_1000f_NDCp,ENGAGE,2.0,2.0,C4
MESSAGEix-GLOBIOM_1.1,EN_INDCi2030_1200,ENGAGE,2.0,2.0,C4
MESSAGEix-GLOBIOM_1.1,EN_INDCi2030_1200_COV,ENGAGE,2.0,2.0,C3
MESSAGEix-GLOBIOM_1.1,EN_INDCi2030_1200_COV_NDCp,ENGAGE,2.0,2.0,C3
MESSAGEix-GLOBIOM_1.1,EN_INDCi2030_1200_NDCp,ENGAGE,2.0,2.0,C4
MESSAGEix-GLOBIOM_1.1,EN_INDCi2030_1200f,ENGAGE,2.0,2.0,C4
MESSAGEix-GLOBIOM_1.1,EN_INDCi2030_1200f_COV,ENGAGE,2.0,2.0,C4
MESSAGEix-GLOBIOM_1.1,EN_INDCi2030_1200f_COV_NDCp,ENGAGE,2.0,2.0,C4
MESSAGEix-GLOBIOM_1.1,EN_INDCi2030_1200f_NDCp,ENGAGE,2.0,2.0,C4
MESSAGEix-GLOBIOM_1.1,EN_INDCi2030_1400,ENGAGE,2.0,2.0,C4
MESSAGEix-GLOBIOM_1.1,EN_INDCi2030_1400_COV,ENGAGE,2.0,2.0,C4
MESSAGEix-GLOBIOM_1.1,EN_INDCi2030_1400_COV_NDCp,ENGAGE,2.0,2.0,C4
MESSAGEix-GLOBIOM_1.1,EN_INDCi2030_1400_NDCp,ENGAGE,2.0,2.0,C4
MESSAGEix-GLOBIOM_1.1,EN_INDCi2030_1400f,ENGAGE,2.0,2.0,C4
MESSAGEix-GLOBIOM_1.1,EN_INDCi2030_1400f_COV,ENGAGE,2.0,2.0,C4
MESSAGEix-GLOBIOM_1.1,EN_INDCi2030_1400f_COV_NDCp,ENGAGE,2.0,2.0,C4
MESSAGEix-GLOBIOM_1.1,EN_INDCi2030_1400f_NDCp,ENGAGE,2.0,2.0,C4
MESSAGEix-GLOBIOM_1.1,EN_INDCi2030_1600,ENGAGE,2.0,2.0,C5
MESSAGEix-GLOBIOM_1.1,EN_INDCi2030_1600_COV,ENGAGE,2.0,2.0,C4
MESSAGEix-GLOBIOM_1.1,EN_INDCi2030_1600_COV_NDCp,ENGAGE,2.0,2.0,C4
MESSAGEix-GLOBIOM_1.1,EN_INDCi2030_1600_NDCp,ENGAGE,2.0,2.0,C5
MESSAGEix-GLOBIOM_1.1,EN_INDCi2030_1600f,ENGAGE,2.0,2.0,C5
MESSAGEix-GLOBIOM_1.1,EN_INDCi2030_1600f_COV,ENGAGE,2.0,2.0,C5
MESSAGEix-GLOBIOM_1.1,EN_INDCi2030_1600f_COV_NDCp,ENGAGE,2.0,2.0,C5
MESSAGEix-GLOBIOM_1.1,EN_INDCi2030_1600f_NDCp,ENGAGE,2.0,2.0,C5
MESSAGEix-GLOBIOM_1.1,EN_INDCi2030_1800,ENGAGE,2.0,2.0,C5
MESSAGEix-GLOBIOM_1.1,EN_INDCi2030_1800_COV,ENGAGE,2.0,2.0,C5
MESSAGEix-GLOBIOM_1.1,EN_INDCi2030_1800_COV_NDCp,ENGAGE,2.0,2.0,C5
MESSAGEix-GLOBIOM_1.1,EN_INDCi2030_1800_NDCp,ENGAGE,2.0,2.0,C5
MESSAGEix-GLOBIOM_1.1,EN_INDCi2030_1800f,ENGAGE,2.0,2.0,C5
MESSAGEix-GLOBIOM_1.1,EN_INDCi2030_1800f_COV,ENGAGE,2.0,2.0,C5
MESSAGEix-GLOBIOM_1.1,EN_INDCi2030_1800f_COV_NDCp,ENGAGE,2.0,2.0,C5
MESSAGEix-GLOBIOM_1.1,EN_INDCi2030_1800f_NDCp,ENGAGE,2.0,2.0,C5
MESSAGEix-GLOBIOM_1.1,EN_INDCi2030_2000,ENGAGE,2.0,2.0,C5
MESSAGEix-GLOBIOM_1.1,EN_INDCi2030_2000_COV,ENGAGE,2.0,2.0,C5
MESSAGEix-GLOBIOM_1.1,EN_INDCi2030_2000_COV_NDCp,ENGAGE,2.0,2.0,C5
MESSAGEix-GLOBIOM_1.1,EN_INDCi2030_2000_NDCp,ENGAGE,2.0,2.0,C5
MESSAGEix-GLOBIOM_1.1,EN_INDCi2030_2000f,ENGAGE,2.0,2.0,C5
MESSAGEix-GLOBIOM_1.1,EN_INDCi2030_2000f_COV,ENGAGE,2.0,2.0,C5
MESSAGEix-GLOBIOM_1.1,EN_INDCi2030_2000f_COV_NDCp,ENGAGE,2.0,2.0,C5
MESSAGEix-GLOBIOM_1.1,EN_INDCi2030_2000f_NDCp,ENGAGE,2.0,2.0,C5
MESSAGEix-GLOBIOM_1.1,EN_INDCi2030_2500,ENGAGE,2.0,2.0,C5
MESSAGEix-GLOBIOM_1.1,EN_INDCi2030_2500_COV,ENGAGE,2.0,2.0,C5
MESSAGEix-GLOBIOM_1.1,EN_INDCi2030_2500_COV_NDCp,ENGAGE,2.0,2.0,C5
MESSAGEix-GLOBIOM_1.1,EN_INDCi2030_2500_NDCp,ENGAGE,2.0,2.0,C5
MESSAGEix-GLOBIOM_1.1,EN_INDCi2030_2500f,ENGAGE,2.0,2.0,C5
MESSAGEix-GLOBIOM_1.1,EN_INDCi2030_2500f_COV,ENGAGE,2.0,2.0,C5
MESSAGEix-GLOBIOM_1.1,EN_INDCi2030_2500f_COV_NDCp,ENGAGE,2.0,2.0,C5
MESSAGEix-GLOBIOM_1.1,EN_INDCi2030_2500f_NDCp,ENGAGE,2.0,2.0,C5
MESSAGEix-GLOBIOM_1.1,EN_INDCi2030_3000,ENGAGE,2.0,2.0,C6
MESSAGEix-GLOBIOM_1.1,EN_INDCi2030_3000_COV,ENGAGE,2.0,2.0,C6
MESSAGEix-GLOBIOM_1.1,EN_INDCi2030_3000_COV_NDCp,ENGAGE,2.0,2.0,C6
MESSAGEix-GLOBIOM_1.1,EN_INDCi2030_3000_NDCp,ENGAGE,2.0,2.0,C6
MESSAGEix-GLOBIOM_1.1,EN_INDCi2030_3000f,ENGAGE,2.0,2.0,C6
MESSAGEix-GLOBIOM_1.1,EN_INDCi2030_3000f_COV,ENGAGE,2.0,2.0,C6
MESSAGEix-GLOBIOM_1.1,EN_INDCi2030_3000f_COV_NDCp,ENGAGE,2.0,2.0,C6
MESSAGEix-GLOBIOM_1.1,EN_INDCi2030_3000f_NDCp,ENGAGE,2.0,2.0,C6
MESSAGEix-GLOBIOM_1.1,EN_INDCi2030_600f_COV,ENGAGE,2.0,2.0,C2
MESSAGEix-GLOBIOM_1.1,EN_INDCi2030_600f_COV_NDCp,ENGAGE,2.0,2.0,C2
MESSAGEix-GLOBIOM_1.1,EN_INDCi2030_700f,ENGAGE,2.0,2.0,C2
MESSAGEix-GLOBIOM_1.1,EN_INDCi2030_700f_COV,ENGAGE,2.0,2.0,C2
MESSAGEix-GLOBIOM_1.1,EN_INDCi2030_700f_COV_NDCp,ENGAGE,2.0,2.0,C2
MESSAGEix-GLOBIOM_1.1,EN_INDCi2030_700f_NDCp,ENGAGE,2.0,2.0,C2
MESSAGEix-GLOBIOM_1.1,EN_INDCi2030_800f,ENGAGE,2.0,2.0,C3
MESSAGEix-GLOBIOM_1.1,EN_INDCi2030_800f_COV,ENGAGE,2.0,2.0,C3
MESSAGEix-GLOBIOM_1.1,EN_INDCi2030_800f_COV_NDCp,ENGAGE,2.0,2.0,C3
MESSAGEix-GLOBIOM_1.1,EN_INDCi2030_800f_NDCp,ENGAGE,2.0,2.0,C3
MESSAGEix-GLOBIOM_1.1,EN_INDCi2030_900f,ENGAGE,2.0,2.0,C3
MESSAGEix-GLOBIOM_1.1,EN_INDCi2030_900f_COV,ENGAGE,2.0,2.0,C3
MESSAGEix-GLOBIOM_1.1,EN_INDCi2030_900f_COV_NDCp,ENGAGE,2.0,2.0,C3
MESSAGEix-GLOBIOM_1.1,EN_INDCi2030_900f_NDCp,ENGAGE,2.0,2.0,C3
MESSAGEix-GLOBIOM_1.1,EN_INDCi2030_950_COV,ENGAGE,2.0,2.0,C3
MESSAGEix-GLOBIOM_1.1,EN_INDCi2030_950_COV_NDCp,ENGAGE,2.0,2.0,C3
MESSAGEix-GLOBIOM_1.1,EN_INDCi2030_950f_COV,ENGAGE,2.0,2.0,C3
MESSAGEix-GLOBIOM_1.1,EN_INDCi2030_950f_COV_NDCp,ENGAGE,2.0,2.0,C3
MESSAGEix-GLOBIOM_1.1,EN_INDCi2100,ENGAGE,2.0,2.0,C6
MESSAGEix-GLOBIOM_1.1,EN_INDCi2100_COV,ENGAGE,2.0,2.0,C6
MESSAGEix-GLOBIOM_1.1,EN_INDCi2100_COV_NDCp,ENGAGE,2.0,2.0,C6
MESSAGEix-GLOBIOM_1.1,EN_INDCi2100_NDCp,ENGAGE,2.0,2.0,C6
MESSAGEix-GLOBIOM_1.1,EN_NPi2020_1000,ENGAGE,2.0,2.0,C3
MESSAGEix-GLOBIOM_1.1,EN_NPi2020_1000_COV,ENGAGE,2.0,2.0,C3
MESSAGEix-GLOBIOM_1.1,EN_NPi2020_1000_DR10p,ENGAGE,2.0,2.0,C3
MESSAGEix-GLOBIOM_1.1,EN_NPi2020_1000_DR1p,ENGAGE,2.0,2.0,C3
MESSAGEix-GLOBIOM_1.1,EN_NPi2020_1000_DR2p,ENGAGE,2.0,2.0,C3
MESSAGEix-GLOBIOM_1.1,EN_NPi2020_1000_DR3p,ENGAGE,2.0,2.0,C3
MESSAGEix-GLOBIOM_1.1,EN_NPi2020_1000_DR4p,ENGAGE,2.0,2.0,C3
MESSAGEix-GLOBIOM_1.1,EN_NPi2020_1000f,ENGAGE,2.0,2.0,C3
MESSAGEix-GLOBIOM_1.1,EN_NPi2020_1000f_COV,ENGAGE,2.0,2.0,C3
MESSAGEix-GLOBIOM_1.1,EN_NPi2020_1000f_DR10p,ENGAGE,2.0,2.0,C4
MESSAGEix-GLOBIOM_1.1,EN_NPi2020_1000f_DR1p,ENGAGE,2.0,2.0,C3
MESSAGEix-GLOBIOM_1.1,EN_NPi2020_1000f_DR2p,ENGAGE,2.0,2.0,C3
MESSAGEix-GLOBIOM_1.1,EN_NPi2020_1000f_DR3p,ENGAGE,2.0,2.0,C3
MESSAGEix-GLOBIOM_1.1,EN_NPi2020_1000f_DR4p,ENGAGE,2.0,2.0,C3
MESSAGEix-GLOBIOM_1.1,EN_NPi2020_1200,ENGAGE,2.0,2.0,C3
MESSAGEix-GLOBIOM_1.1,EN_NPi2020_1200_COV,ENGAGE,2.0,2.0,C3
MESSAGEix-GLOBIOM_1.1,EN_NPi2020_1200f,ENGAGE,2.0,2.0,C4
MESSAGEix-GLOBIOM_1.1,EN_NPi2020_1200f_COV,ENGAGE,2.0,2.0,C4
MESSAGEix-GLOBIOM_1.1,EN_NPi2020_1400,ENGAGE,2.0,2.0,C4
MESSAGEix-GLOBIOM_1.1,EN_NPi2020_1400_COV,ENGAGE,2.0,2.0,C4
MESSAGEix-GLOBIOM_1.1,EN_NPi2020_1400f,ENGAGE,2.0,2.0,C4
MESSAGEix-GLOBIOM_1.1,EN_NPi2020_1400f_COV,ENGAGE,2.0,2.0,C4
MESSAGEix-GLOBIOM_1.1,EN_NPi2020_1600,ENGAGE,2.0,2.0,C4
MESSAGEix-GLOBIOM_1.1,EN_NPi2020_1600_COV,ENGAGE,2.0,2.0,C4
MESSAGEix-GLOBIOM_1.1,EN_NPi2020_1600f,ENGAGE,2.0,2.0,C5
MESSAGEix-GLOBIOM_1.1,EN_NPi2020_1600f_COV,ENGAGE,2.0,2.0,C4
MESSAGEix-GLOBIOM_1.1,EN_NPi2020_1800,ENGAGE,2.0,2.0,C5
MESSAGEix-GLOBIOM_1.1,EN_NPi2020_1800_COV,ENGAGE,2.0,2.0,C5
MESSAGEix-GLOBIOM_1.1,EN_NPi2020_1800f,ENGAGE,2.0,2.0,C5
MESSAGEix-GLOBIOM_1.1,EN_NPi2020_1800f_COV,ENGAGE,2.0,2.0,C5
MESSAGEix-GLOBIOM_1.1,EN_NPi2020_2000,ENGAGE,2.0,2.0,C5
MESSAGEix-GLOBIOM_1.1,EN_NPi2020_2000_COV,ENGAGE,2.0,2.0,C5
MESSAGEix-GLOBIOM_1.1,EN_NPi2020_2000f,ENGAGE,2.0,2.0,C5
MESSAGEix-GLOBIOM_1.1,EN_NPi2020_2000f_COV,ENGAGE,2.0,2.0,C5
MESSAGEix-GLOBIOM_1.1,EN_NPi2020_200f,ENGAGE,2.0,2.0,C2
MESSAGEix-GLOBIOM_1.1,EN_NPi2020_2500,ENGAGE,2.0,2.0,C5
MESSAGEix-GLOBIOM_1.1,EN_NPi2020_2500_COV,ENGAGE,2.0,2.0,C5
MESSAGEix-GLOBIOM_1.1,EN_NPi2020_2500f,ENGAGE,2.0,2.0,C5
MESSAGEix-GLOBIOM_1.1,EN_NPi2020_2500f_COV,ENGAGE,2.0,2.0,C5
MESSAGEix-GLOBIOM_1.1,EN_NPi2020_3000,ENGAGE,2.0,2.0,C6
MESSAGEix-GLOBIOM_1.1,EN_NPi2020_3000_COV,ENGAGE,2.0,2.0,C6
MESSAGEix-GLOBIOM_1.1,EN_NPi2020_3000f,ENGAGE,2.0,2.0,C6
MESSAGEix-GLOBIOM_1.1,EN_NPi2020_3000f_COV,ENGAGE,2.0,2.0,C6
MESSAGEix-GLOBIOM_1.1,EN_NPi2020_300f,ENGAGE,2.0,2.0,C2
MESSAGEix-GLOBIOM_1.1,EN_NPi2020_400f,ENGAGE,2.0,2.0,C2
MESSAGEix-GLOBIOM_1.1,EN_NPi2020_450,ENGAGE,2.0,2.0,C1
MESSAGEix-GLOBIOM_1.1,EN_NPi2020_450f,ENGAGE,2.0,2.0,C2
MESSAGEix-GLOBIOM_1.1,EN_NPi2020_500,ENGAGE,2.0,2.0,C1
MESSAGEix-GLOBIOM_1.1,EN_NPi2020_500f,ENGAGE,2.0,2.0,C2
MESSAGEix-GLOBIOM_1.1,EN_NPi2020_600,ENGAGE,2.0,2.0,C2
MESSAGEix-GLOBIOM_1.1,EN_NPi2020_600_COV,ENGAGE,2.0,2.0,C1
MESSAGEix-GLOBIOM_1.1,EN_NPi2020_600_DR10p,ENGAGE,2.0,2.0,C2
MESSAGEix-GLOBIOM_1.1,EN_NPi2020_600_DR1p,ENGAGE,2.0,2.0,C1
MESSAGEix-GLOBIOM_1.1,EN_NPi2020_600_DR2p,ENGAGE,2.0,2.0,C1
MESSAGEix-GLOBIOM_1.1,EN_NPi2020_600_DR3p,ENGAGE,2.0,2.0,C1
MESSAGEix-GLOBIOM_1.1,EN_NPi2020_600_DR4p,ENGAGE,2.0,2.0,C1
MESSAGEix-GLOBIOM_1.1,EN_NPi2020_600f,ENGAGE,2.0,2.0,C2
MESSAGEix-GLOBIOM_1.1,EN_NPi2020_600f_COV,ENGAGE,2.0,2.0,C2
MESSAGEix-GLOBIOM_1.1,EN_NPi2020_600f_DR10p,ENGAGE,2.0,2.0,C2
MESSAGEix-GLOBIOM_1.1,EN_NPi2020_600f_DR1p,ENGAGE,2.0,2.0,C2
MESSAGEix-GLOBIOM_1.1,EN_NPi2020_600f_DR2p,ENGAGE,2.0,2.0,C2
MESSAGEix-GLOBIOM_1.1,EN_NPi2020_600f_DR3p,ENGAGE,2.0,2.0,C2
MESSAGEix-GLOBIOM_1.1,EN_NPi2020_600f_DR4p,ENGAGE,2.0,2.0,C2
MESSAGEix-GLOBIOM_1.1,EN_NPi2020_700,ENGAGE,2.0,2.0,C2
MESSAGEix-GLOBIOM_1.1,EN_NPi2020_700_COV,ENGAGE,2.0,2.0,C2
MESSAGEix-GLOBIOM_1.1,EN_NPi2020_700f,ENGAGE,2.0,2.0,C2
MESSAGEix-GLOBIOM_1.1,EN_NPi2020_700f_COV,ENGAGE,2.0,2.0,C2
MESSAGEix-GLOBIOM_1.1,EN_NPi2020_800,ENGAGE,2.0,2.0,C3
MESSAGEix-GLOBIOM_1.1,EN_NPi2020_800_COV,ENGAGE,2.0,2.0,C3
MESSAGEix-GLOBIOM_1.1,EN_NPi2020_800f,ENGAGE,2.0,2.0,C3
MESSAGEix-GLOBIOM_1.1,EN_NPi2020_800f_COV,ENGAGE,2.0,2.0,C3
MESSAGEix-GLOBIOM_1.1,EN_NPi2020_900,ENGAGE,2.0,2.0,C3
MESSAGEix-GLOBIOM_1.1,EN_NPi2020_900_COV,ENGAGE,2.0,2.0,C3
MESSAGEix-GLOBIOM_1.1,EN_NPi2020_900f,ENGAGE,2.0,2.0,C3
MESSAGEix-GLOBIOM_1.1,EN_NPi2020_900f_COV,ENGAGE,2.0,2.0,C3
MESSAGEix-GLOBIOM_1.1,EN_NPi2100,ENGAGE,2.0,2.0,C7
MESSAGEix-GLOBIOM_1.1,EN_NPi2100_COV,ENGAGE,2.0,2.0,C7
MESSAGEix-GLOBIOM_1.1,EN_NoPolicy,ENGAGE,2.0,2.0,C7
MESSAGEix-GLOBIOM_1.1,NGFS2_Current Policies,NGFS2,2.0,2.0,C7
MESSAGEix-GLOBIOM_1.1,NGFS2_Delayed Transition,NGFS2,2.0,2.0,C3
MESSAGEix-GLOBIOM_1.1,NGFS2_Divergent Net Zero Policies,NGFS2,2.0,2.0,C1
MESSAGEix-GLOBIOM_1.1,NGFS2_Nationally Determined Contributions (NDCs),NGFS2,2.0,2.0,C5
MESSAGEix-GLOBIOM_1.1,NGFS2_Net-Zero 2050,NGFS2,2.0,2.0,C1
MESSAGEix-GLOBIOM_1.2,COV_GreenPush,Kikstra 2021,2.0,2.0,C7
MESSAGEix-GLOBIOM_1.2,COV_GreenPush_1000,Kikstra 2021,2.0,2.0,C3
MESSAGEix-GLOBIOM_1.2,COV_GreenPush_550,Kikstra 2021,2.0,2.0,C1
MESSAGEix-GLOBIOM_1.2,COV_GreenPush_max_GDP,Kikstra 2021,2.0,2.0,C7
MESSAGEix-GLOBIOM_1.2,COV_GreenPush_min_GDP,Kikstra 2021,2.0,2.0,C7
MESSAGEix-GLOBIOM_1.2,COV_NoPolicyNoCOVID,Kikstra 2021,2.0,2.0,C7
MESSAGEix-GLOBIOM_1.2,COV_NoPolicyNoCOVID_1000,Kikstra 2021,2.0,2.0,C3
MESSAGEix-GLOBIOM_1.2,COV_NoPolicyNoCOVID_550,Kikstra 2021,2.0,2.0,C1
MESSAGEix-GLOBIOM_1.2,COV_Restore,Kikstra 2021,2.0,2.0,C7
MESSAGEix-GLOBIOM_1.2,COV_Restore_1000,Kikstra 2021,2.0,2.0,C3
MESSAGEix-GLOBIOM_1.2,COV_Restore_550,Kikstra 2021,2.0,2.0,C1
MESSAGEix-GLOBIOM_1.2,COV_SelfReliance,Kikstra 2021,2.0,2.0,C7
MESSAGEix-GLOBIOM_1.2,COV_SelfReliance_1000,Kikstra 2021,2.0,2.0,C3
MESSAGEix-GLOBIOM_1.2,COV_SelfReliance_550,Kikstra 2021,2.0,2.0,C1
MESSAGEix-GLOBIOM_1.2,COV_SelfReliance_max_GDP,Kikstra 2021,2.0,2.0,C7
MESSAGEix-GLOBIOM_1.2,COV_SelfReliance_min_GDP,Kikstra 2021,2.0,2.0,C7
MESSAGEix-GLOBIOM_1.2,COV_SmartUse,Kikstra 2021,2.0,2.0,C7
MESSAGEix-GLOBIOM_1.2,COV_SmartUse_1000,Kikstra 2021,2.0,2.0,C3
MESSAGEix-GLOBIOM_1.2,COV_SmartUse_550,Kikstra 2021,2.0,2.0,C1
MESSAGEix-GLOBIOM_GEI 1.0,SSP2_int_lc_15,Guo 2021,2.0,2.0,C5
MESSAGEix-GLOBIOM_GEI 1.0,SSP2_int_lc_50,Guo 2021,2.0,2.0,C3
MESSAGEix-GLOBIOM_GEI 1.0,SSP2_int_mc_15,Guo 2021,2.0,2.0,C5
MESSAGEix-GLOBIOM_GEI 1.0,SSP2_int_mc_50,Guo 2021,2.0,2.0,C2
MESSAGEix-GLOBIOM_GEI 1.0,SSP2_noint_lc_15,Guo 2021,2.0,2.0,C5
MESSAGEix-GLOBIOM_GEI 1.0,SSP2_noint_lc_50,Guo 2021,2.0,2.0,C3
MESSAGEix-GLOBIOM_GEI 1.0,SSP2_noint_mc_15,Guo 2021,2.0,2.0,C5
MESSAGEix-GLOBIOM_GEI 1.0,SSP2_noint_mc_50,Guo 2021,2.0,2.0,C2
MESSAGEix-GLOBIOM_GEI 1.0,SSP2_openres_lc_100,Guo 2021,2.0,2.0,C2
MESSAGEix-GLOBIOM_GEI 1.0,SSP2_openres_lc_120,Guo 2021,2.0,2.0,C2
MESSAGEix-GLOBIOM_GEI 1.0,SSP2_openres_lc_15,Guo 2021,2.0,2.0,C5
MESSAGEix-GLOBIOM_GEI 1.0,SSP2_openres_lc_50,Guo 2021,2.0,2.0,C3
MESSAGEix-GLOBIOM_GEI 1.0,SSP2_openres_lc_80,Guo 2021,2.0,2.0,C2
MESSAGEix-GLOBIOM_GEI 1.0,SSP2_openres_lc_CB400,Guo 2021,2.0,2.0,C2
MESSAGEix-GLOBIOM_GEI 1.0,SSP2_openres_lc_CB450,Guo 2021,2.0,2.0,C2
MESSAGEix-GLOBIOM_GEI 1.0,SSP2_openres_lc_CB500,Guo 2021,2.0,2.0,C2
MESSAGEix-GLOBIOM_GEI 1.0,SSP2_openres_lc_CB550,Guo 2021,2.0,2.0,C2
MESSAGEix-GLOBIOM_GEI 1.0,SSP2_openres_lc_CB600,Guo 2021,2.0,2.0,C2
MESSAGEix-GLOBIOM_GEI 1.0,SSP2_openres_mc_15,Guo 2021,2.0,2.0,C5
MESSAGEix-GLOBIOM_GEI 1.0,SSP2_openres_mc_50,Guo 2021,2.0,2.0,C2
MIGRATION 1.0,SSP1-1.9_zeromig,Benveniste 2021,2.0,1.0,no-climate-assessment
MIGRATION 1.0,SSP1_zeromig,Benveniste 2021,2.0,1.0,no-climate-assessment
MIGRATION 1.0,SSP2-4.5_zeromig,Benveniste 2021,2.0,2.0,no-climate-assessment
MIGRATION 1.0,SSP2_zeromig,Benveniste 2021,2.0,2.0,no-climate-assessment
MIGRATION 1.0,SSP3-7.0_zeromig,Benveniste 2021,2.0,3.0,no-climate-assessment
MIGRATION 1.0,SSP3_zeromig,Benveniste 2021,2.0,3.0,no-climate-assessment
MIGRATION 1.0,SSP4-6.0_zeromig,Benveniste 2021,2.0,4.0,no-climate-assessment
MIGRATION 1.0,SSP4_zeromig,Benveniste 2021,2.0,4.0,no-climate-assessment
MIGRATION 1.0,SSP5-8.5_zeromig,Benveniste 2021,2.0,5.0,no-climate-assessment
MIGRATION 1.0,SSP5_zeromig,Benveniste 2021,2.0,5.0,no-climate-assessment
MUSE 1.0,CSH,PR Harmonization MIP,2.0,2.0,failed-vetting
MUSE 1.0,PCSH,PR Harmonization MIP,2.0,2.0,no-climate-assessment
MUSE 1.0,PR_Baseline,PR Policy MIP,2.0,2.0,failed-vetting
MUSE 1.0,PR_CP_Intensity,PR Policy MIP,2.0,2.0,no-climate-assessment
MUSE 1.0,PR_CP_Price,PR Policy MIP,2.0,2.0,no-climate-assessment
MUSE 1.0,PR_CP_PriceOnly,PR Policy MIP,2.0,2.0,failed-vetting
MUSE 1.0,PR_NDC_Intensity,PR Policy MIP,2.0,2.0,no-climate-assessment
MUSE 1.0,PR_NDC_Price,PR Policy MIP,2.0,2.0,no-climate-assessment
MUSE 1.0,PR_NDC_PriceOnly,PR Policy MIP,2.0,2.0,failed-vetting
MUSE 1.0,R,PR Harmonization MIP,2.0,2.0,failed-vetting
MUSE 1.0,SH,PR Harmonization MIP,2.0,2.0,failed-vetting
NEMESIS 5.0,PR_NEMESIS_CP,,2.0,,
NEMESIS 5.0,PR_NEMESIS_NDC,,2.0,,
PROMETHEUS 1.0,CO_2Deg2020,COMMIT,2.0,2.0,no-climate-assessment
PROMETHEUS 1.0,CO_2Deg2030,COMMIT,2.0,2.0,no-climate-assessment
PROMETHEUS 1.0,CO_BAU,COMMIT,2.0,2.0,no-climate-assessment
PROMETHEUS 1.0,CO_Bridge,COMMIT,2.0,2.0,no-climate-assessment
PROMETHEUS 1.0,CO_CurPol,COMMIT,2.0,2.0,no-climate-assessment
PROMETHEUS 1.0,CO_GPP,COMMIT,2.0,2.0,no-climate-assessment
PROMETHEUS 1.0,CO_NDCplus,COMMIT,2.0,2.0,no-climate-assessment
REMIND 2.1,CEMICS_GDPgrowth_1p5,Strefler 2021a,2.0,2.0,C1
REMIND 2.1,CEMICS_GDPgrowth_2C,Strefler 2021a,2.0,2.0,C3
REMIND 2.1,CEMICS_HotellingConst_1p5,Strefler 2021a,2.0,2.0,C1
REMIND 2.1,CEMICS_HotellingConst_2C,Strefler 2021a,2.0,2.0,C3
REMIND 2.1,CEMICS_Linear_1p5,Strefler 2021a,2.0,2.0,C1
REMIND 2.1,CEMICS_Linear_2C,Strefler 2021a,2.0,2.0,C3
REMIND 2.1,CEMICS_NPI,Strefler 2021a,2.0,2.0,C7
REMIND 2.1,CEMICS_opt_1p5,Strefler 2021a,2.0,2.0,C1
REMIND 2.1,CEMICS_opt_2C,Strefler 2021a,2.0,2.0,C3
REMIND 2.1,LeastTotalCost_Base_brkLR15_SSP1_P50,Schultes 2021,2.0,1.0,C6
REMIND 2.1,LeastTotalCost_Base_brkLR15_SSP2_P50,Schultes 2021,2.0,2.0,C7
REMIND 2.1,LeastTotalCost_Base_brkLR15_SSP5_P50,Schultes 2021,2.0,5.0,C8
REMIND 2.1,LeastTotalCost_Base_brkSR15_SSP1_P50,Schultes 2021,2.0,1.0,C6
REMIND 2.1,LeastTotalCost_Base_brkSR15_SSP2_P50,Schultes 2021,2.0,2.0,C7
REMIND 2.1,LeastTotalCost_Base_brkSR15_SSP5_P50,Schultes 2021,2.0,5.0,C8
REMIND 2.1,LeastTotalCost_CBA_brkLR15_SSP2_P50,Schultes 2021,2.0,2.0,C3
REMIND 2.1,LeastTotalCost_CBA_brkSR15_SSP2_P50,Schultes 2021,2.0,2.0,C3
REMIND 2.1,LeastTotalCost_CEA_brkLR15_SSP2_P50,Schultes 2021,2.0,2.0,C3
REMIND 2.1,LeastTotalCost_CEA_brkSR15_SSP2_P50,Schultes 2021,2.0,2.0,C3
REMIND 2.1,LeastTotalCost_LTC_brkLR15_SSP1_P50,Schultes 2021,2.0,1.0,C1
REMIND 2.1,LeastTotalCost_LTC_brkLR15_SSP2_P50,Schultes 2021,2.0,2.0,C3
REMIND 2.1,LeastTotalCost_LTC_brkLR15_SSP5_P50,Schultes 2021,2.0,5.0,C3
REMIND 2.1,LeastTotalCost_LTC_brkSR15_SSP1_P50,Schultes 2021,2.0,1.0,C2
REMIND 2.1,LeastTotalCost_LTC_brkSR15_SSP2_P50,Schultes 2021,2.0,2.0,C3
REMIND 2.1,LeastTotalCost_LTC_brkSR15_SSP5_P50,Schultes 2021,2.0,5.0,C3
REMIND 2.1,LeastTotalCost_NDC_brkLR15_SSP2_P50,Schultes 2021,2.0,2.0,C5
REMIND 2.1,LeastTotalCost_NDC_brkSR15_SSP2_P50,Schultes 2021,2.0,2.0,C5
REMIND 2.1,LeastTotalCost_NPi_brkLR15_SSP1_P50,Schultes 2021,2.0,1.0,C5
REMIND 2.1,LeastTotalCost_NPi_brkLR15_SSP2_P50,Schultes 2021,2.0,2.0,C7
REMIND 2.1,LeastTotalCost_NPi_brkLR15_SSP5_P50,Schultes 2021,2.0,5.0,C8
REMIND 2.1,LeastTotalCost_NPi_brkSR15_SSP1_P50,Schultes 2021,2.0,1.0,C5
REMIND 2.1,LeastTotalCost_NPi_brkSR15_SSP2_P50,Schultes 2021,2.0,2.0,C7
REMIND 2.1,LeastTotalCost_NPi_brkSR15_SSP5_P50,Schultes 2021,2.0,5.0,C8
REMIND 2.1,R2p1_SSP1-Base,Baumstark 2021,2.0,1.0,C6
REMIND 2.1,R2p1_SSP1-NDC,Baumstark 2021,2.0,1.0,C5
REMIND 2.1,R2p1_SSP1-NPi,Baumstark 2021,2.0,1.0,C5
REMIND 2.1,R2p1_SSP1-PkBudg1100,Baumstark 2021,2.0,1.0,C2
REMIND 2.1,R2p1_SSP1-PkBudg1300,Baumstark 2021,2.0,1.0,C2
REMIND 2.1,R2p1_SSP1-PkBudg900,Baumstark 2021,2.0,1.0,C1
REMIND 2.1,R2p1_SSP2-Base,Baumstark 2021,2.0,2.0,C7
REMIND 2.1,R2p1_SSP2-NDC,Baumstark 2021,2.0,2.0,C5
REMIND 2.1,R2p1_SSP2-NPi,Baumstark 2021,2.0,2.0,C7
REMIND 2.1,R2p1_SSP2-PkBudg1100,Baumstark 2021,2.0,2.0,C3
REMIND 2.1,R2p1_SSP2-PkBudg1300,Baumstark 2021,2.0,2.0,C3
REMIND 2.1,R2p1_SSP2-PkBudg900,Baumstark 2021,2.0,2.0,C1
REMIND 2.1,R2p1_SSP5-Base,Baumstark 2021,2.0,5.0,C8
REMIND 2.1,R2p1_SSP5-NDC,Baumstark 2021,2.0,5.0,C7
REMIND 2.1,R2p1_SSP5-NPi,Baumstark 2021,2.0,5.0,C8
REMIND 2.1,R2p1_SSP5-PkBudg1100,Baumstark 2021,2.0,5.0,C2
REMIND 2.1,R2p1_SSP5-PkBudg1300,Baumstark 2021,2.0,5.0,C3
REMIND 2.1,R2p1_SSP5-PkBudg900,Baumstark 2021,2.0,5.0,C1
REMIND 2.1,TechCost-SSP2-B1100-bioH,Giannousakis 2020,2.0,2.0,C3
REMIND 2.1,TechCost-SSP2-B1100-ccsH,Giannousakis 2020,2.0,2.0,C3
REMIND 2.1,TechCost-SSP2-B1100-coalH,Giannousakis 2020,2.0,2.0,C3
REMIND 2.1,TechCost-SSP2-B1100-elh2H,Giannousakis 2020,2.0,2.0,C3
REMIND 2.1,TechCost-SSP2-B1100-gasH,Giannousakis 2020,2.0,2.0,C3
REMIND 2.1,TechCost-SSP2-B1100-nucH,Giannousakis 2020,2.0,2.0,C3
REMIND 2.1,TechCost-SSP2-B1100-oilH,Giannousakis 2020,2.0,2.0,C3
REMIND 2.1,TechCost-SSP2-B1100-spvH,Giannousakis 2020,2.0,2.0,C3
REMIND 2.1,TechCost-SSP2-B1100-windH,Giannousakis 2020,2.0,2.0,C3
REMIND-Buildings 2.0,BEG-Base,Levesque 2021,2.0,2.0,C7
REMIND-Buildings 2.0,BEG-Budg600,Levesque 2021,2.0,2.0,C2
REMIND-Buildings 2.0,BEG-Budg600-EG,Levesque 2021,2.0,2.0,C2
REMIND-Buildings 2.0,BEG-EG,Levesque 2021,2.0,2.0,C7
REMIND-H13 2.1,START_BAU,Schreyer 2020,2.0,2.0,failed-vetting
REMIND-H13 2.1,START_Current_Policies,Schreyer 2020,2.0,2.0,failed-vetting
REMIND-H13 2.1,START_Net-zero,Schreyer 2020,2.0,2.0,failed-vetting
REMIND-H13 2.1,START_Net-zero_noLandUse_CDRlim,Schreyer 2020,2.0,2.0,failed-vetting
REMIND-H13 2.1,START_Net-zero_noNuc_lowVRE,Schreyer 2020,2.0,2.0,failed-vetting
REMIND-MAgPIE 1.7-3.0,CD-LINKS_INDC2030i_1000,CD-LINKS,2.0,2.0,C2
REMIND-MAgPIE 1.7-3.0,CD-LINKS_INDC2030i_1600,CD-LINKS,2.0,2.0,C4
REMIND-MAgPIE 1.7-3.0,CD-LINKS_INDC2030i_400,CD-LINKS,2.0,2.0,C2
REMIND-MAgPIE 1.7-3.0,CD-LINKS_INDCi,CD-LINKS,2.0,2.0,C7
REMIND-MAgPIE 1.7-3.0,CD-LINKS_NPi,CD-LINKS,2.0,2.0,C7
REMIND-MAgPIE 1.7-3.0,CD-LINKS_NPi2020_1000,CD-LINKS,2.0,2.0,C2
REMIND-MAgPIE 1.7-3.0,CD-LINKS_NPi2020_1600,CD-LINKS,2.0,2.0,C4
REMIND-MAgPIE 1.7-3.0,CD-LINKS_NPi2020_400,CD-LINKS,2.0,2.0,C1
REMIND-MAgPIE 1.7-3.0,CD-LINKS_NoPolicy,CD-LINKS,2.0,2.0,C7
REMIND-MAgPIE 1.7-3.0,CO_2Deg2020,COMMIT,2.0,2.0,C2
REMIND-MAgPIE 1.7-3.0,CO_2Deg2030,COMMIT,2.0,2.0,C2
REMIND-MAgPIE 1.7-3.0,CO_BAU,COMMIT,2.0,2.0,C7
REMIND-MAgPIE 1.7-3.0,CO_Bridge,COMMIT,2.0,2.0,C2
REMIND-MAgPIE 1.7-3.0,CO_CurPol,COMMIT,2.0,2.0,C7
REMIND-MAgPIE 1.7-3.0,CO_GPP,COMMIT,2.0,2.0,C5
REMIND-MAgPIE 1.7-3.0,CO_NDCplus,COMMIT,2.0,2.0,C7
REMIND-MAgPIE 1.7-3.0,PEP_1p5C_full_NDC,Kriegler 2018,2.0,2.0,C2
REMIND-MAgPIE 1.7-3.0,PEP_1p5C_full_eff,Kriegler 2018,2.0,2.0,C1
REMIND-MAgPIE 1.7-3.0,PEP_1p5C_full_goodpractice,Kriegler 2018,2.0,2.0,C2
REMIND-MAgPIE 1.7-3.0,PEP_1p5C_full_netzero,Kriegler 2018,2.0,2.0,C2
REMIND-MAgPIE 1.7-3.0,PEP_1p5C_red_eff,Kriegler 2018,2.0,2.0,C1
REMIND-MAgPIE 1.7-3.0,PEP_2C_full_NDC,Kriegler 2018,2.0,2.0,C2
REMIND-MAgPIE 1.7-3.0,PEP_2C_full_eff,Kriegler 2018,2.0,2.0,C2
REMIND-MAgPIE 1.7-3.0,PEP_2C_full_goodpractice,Kriegler 2018,2.0,2.0,C2
REMIND-MAgPIE 1.7-3.0,PEP_2C_full_netzero,Kriegler 2018,2.0,2.0,C2
REMIND-MAgPIE 1.7-3.0,PEP_2C_red_NDC,Kriegler 2018,2.0,2.0,C2
REMIND-MAgPIE 1.7-3.0,PEP_2C_red_eff,Kriegler 2018,2.0,2.0,C1
REMIND-MAgPIE 1.7-3.0,PEP_2C_red_goodpractice,Kriegler 2018,2.0,2.0,C2
REMIND-MAgPIE 1.7-3.0,PEP_2C_red_netzero,Kriegler 2018,2.0,2.0,C2
REMIND-MAgPIE 1.7-3.0,PEP_NDC,Kriegler 2018,2.0,2.0,C7
REMIND-MAgPIE 1.7-3.0,PEP_NPi,Kriegler 2018,2.0,2.0,C7
REMIND-MAgPIE 1.7-3.0,PEP_NoPolicy,Kriegler 2018,2.0,2.0,C7
REMIND-MAgPIE 1.7-3.0,PEP_goodpractice,Kriegler 2018,2.0,2.0,C6
REMIND-MAgPIE 1.7-3.0,PEP_netzero,Kriegler 2018,2.0,2.0,C5
REMIND-MAgPIE 2.0-4.1,Diff_1300Gt_hybrid_def,Bauer 2020,2.0,2.0,C3
REMIND-MAgPIE 2.0-4.1,Diff_1300Gt_no-transfer_def,Bauer 2020,2.0,2.0,C3
REMIND-MAgPIE 2.0-4.1,Diff_1300Gt_uniform-pricing_def,Bauer 2020,2.0,2.0,C3
REMIND-MAgPIE 2.0-4.1,Diff_No-policy_baseline,Bauer 2020,2.0,2.0,C7
REMIND-MAgPIE 2.1-4.2,CEMICS_SSP1-1p5C-fullCDR,Strefler 2021b,2.0,1.0,C1
REMIND-MAgPIE 2.1-4.2,CEMICS_SSP1-1p5C-minCDR,Strefler 2021b,2.0,1.0,C1
REMIND-MAgPIE 2.1-4.2,CEMICS_SSP1-Npi,Strefler 2021b,2.0,1.0,C6
REMIND-MAgPIE 2.1-4.2,CEMICS_SSP2-1p5C-fullCDR,Strefler 2021b,2.0,2.0,C1
REMIND-MAgPIE 2.1-4.2,CEMICS_SSP2-1p5C-minCDR,Strefler 2021b,2.0,2.0,C1
REMIND-MAgPIE 2.1-4.2,CEMICS_SSP2-2C-fullCDR,Strefler 2021b,2.0,2.0,C3
REMIND-MAgPIE 2.1-4.2,CEMICS_SSP2-2C-minCDR,Strefler 2021b,2.0,2.0,C3
REMIND-MAgPIE 2.1-4.2,CEMICS_SSP2-Npi,Strefler 2021b,2.0,2.0,C7
REMIND-MAgPIE 2.1-4.2,EN_INDCi2030_1000,ENGAGE,2.0,2.0,C3
REMIND-MAgPIE 2.1-4.2,EN_INDCi2030_1000_COV,ENGAGE,2.0,2.0,C3
REMIND-MAgPIE 2.1-4.2,EN_INDCi2030_1000_COV_NDCp,ENGAGE,2.0,2.0,C3
REMIND-MAgPIE 2.1-4.2,EN_INDCi2030_1000_NDCp,ENGAGE,2.0,2.0,C3
REMIND-MAgPIE 2.1-4.2,EN_INDCi2030_1000f,ENGAGE,2.0,2.0,C3
REMIND-MAgPIE 2.1-4.2,EN_INDCi2030_1000f_COV,ENGAGE,2.0,2.0,C3
REMIND-MAgPIE 2.1-4.2,EN_INDCi2030_1000f_COV_NDCp,ENGAGE,2.0,2.0,C3
REMIND-MAgPIE 2.1-4.2,EN_INDCi2030_1000f_NDCp,ENGAGE,2.0,2.0,C3
REMIND-MAgPIE 2.1-4.2,EN_INDCi2030_1200,ENGAGE,2.0,2.0,C3
REMIND-MAgPIE 2.1-4.2,EN_INDCi2030_1200f,ENGAGE,2.0,2.0,C3
REMIND-MAgPIE 2.1-4.2,EN_INDCi2030_1400,ENGAGE,2.0,2.0,C4
REMIND-MAgPIE 2.1-4.2,EN_INDCi2030_1400f,ENGAGE,2.0,2.0,C4
REMIND-MAgPIE 2.1-4.2,EN_INDCi2030_1600,ENGAGE,2.0,2.0,C5
REMIND-MAgPIE 2.1-4.2,EN_INDCi2030_1600f,ENGAGE,2.0,2.0,C5
REMIND-MAgPIE 2.1-4.2,EN_INDCi2030_1800,ENGAGE,2.0,2.0,C5
REMIND-MAgPIE 2.1-4.2,EN_INDCi2030_1800f,ENGAGE,2.0,2.0,C5
REMIND-MAgPIE 2.1-4.2,EN_INDCi2030_2000,ENGAGE,2.0,2.0,C5
REMIND-MAgPIE 2.1-4.2,EN_INDCi2030_2000f,ENGAGE,2.0,2.0,C5
REMIND-MAgPIE 2.1-4.2,EN_INDCi2030_2500,ENGAGE,2.0,2.0,C6
REMIND-MAgPIE 2.1-4.2,EN_INDCi2030_2500f,ENGAGE,2.0,2.0,C6
REMIND-MAgPIE 2.1-4.2,EN_INDCi2030_3000,ENGAGE,2.0,2.0,C6
REMIND-MAgPIE 2.1-4.2,EN_INDCi2030_3000f,ENGAGE,2.0,2.0,C6
REMIND-MAgPIE 2.1-4.2,EN_INDCi2030_300f,ENGAGE,2.0,2.0,C2
REMIND-MAgPIE 2.1-4.2,EN_INDCi2030_400f,ENGAGE,2.0,2.0,C2
REMIND-MAgPIE 2.1-4.2,EN_INDCi2030_500f,ENGAGE,2.0,2.0,C2
REMIND-MAgPIE 2.1-4.2,EN_INDCi2030_600_COV,ENGAGE,2.0,2.0,C2
REMIND-MAgPIE 2.1-4.2,EN_INDCi2030_600_COV_NDCp,ENGAGE,2.0,2.0,C2
REMIND-MAgPIE 2.1-4.2,EN_INDCi2030_600f,ENGAGE,2.0,2.0,C2
REMIND-MAgPIE 2.1-4.2,EN_INDCi2030_600f_COV,ENGAGE,2.0,2.0,C2
REMIND-MAgPIE 2.1-4.2,EN_INDCi2030_600f_COV_NDCp,ENGAGE,2.0,2.0,C2
REMIND-MAgPIE 2.1-4.2,EN_INDCi2030_600f_NDCp,ENGAGE,2.0,2.0,C2
REMIND-MAgPIE 2.1-4.2,EN_INDCi2030_700,ENGAGE,2.0,2.0,C3
REMIND-MAgPIE 2.1-4.2,EN_INDCi2030_700f,ENGAGE,2.0,2.0,C3
REMIND-MAgPIE 2.1-4.2,EN_INDCi2030_800,ENGAGE,2.0,2.0,C3
REMIND-MAgPIE 2.1-4.2,EN_INDCi2030_800f,ENGAGE,2.0,2.0,C3
REMIND-MAgPIE 2.1-4.2,EN_INDCi2030_900,ENGAGE,2.0,2.0,C3
REMIND-MAgPIE 2.1-4.2,EN_INDCi2030_900f,ENGAGE,2.0,2.0,C3
REMIND-MAgPIE 2.1-4.2,EN_INDCi2100,ENGAGE,2.0,2.0,C5
REMIND-MAgPIE 2.1-4.2,EN_INDCi2100_COV,ENGAGE,2.0,2.0,C5
REMIND-MAgPIE 2.1-4.2,EN_INDCi2100_COV_NDCp,ENGAGE,2.0,2.0,C5
REMIND-MAgPIE 2.1-4.2,EN_INDCi2100_NDCp,ENGAGE,2.0,2.0,C5
REMIND-MAgPIE 2.1-4.2,EN_NPi2020_1000,ENGAGE,2.0,2.0,C3
REMIND-MAgPIE 2.1-4.2,EN_NPi2020_1000_COV,ENGAGE,2.0,2.0,C3
REMIND-MAgPIE 2.1-4.2,EN_NPi2020_1000f,ENGAGE,2.0,2.0,C3
REMIND-MAgPIE 2.1-4.2,EN_NPi2020_1000f_COV,ENGAGE,2.0,2.0,C3
REMIND-MAgPIE 2.1-4.2,EN_NPi2020_1200,ENGAGE,2.0,2.0,C3
REMIND-MAgPIE 2.1-4.2,EN_NPi2020_1200f,ENGAGE,2.0,2.0,C3
REMIND-MAgPIE 2.1-4.2,EN_NPi2020_1400,ENGAGE,2.0,2.0,C4
REMIND-MAgPIE 2.1-4.2,EN_NPi2020_1400f,ENGAGE,2.0,2.0,C4
REMIND-MAgPIE 2.1-4.2,EN_NPi2020_1600,ENGAGE,2.0,2.0,C4
REMIND-MAgPIE 2.1-4.2,EN_NPi2020_1600f,ENGAGE,2.0,2.0,C4
REMIND-MAgPIE 2.1-4.2,EN_NPi2020_1800,ENGAGE,2.0,2.0,C5
REMIND-MAgPIE 2.1-4.2,EN_NPi2020_1800f,ENGAGE,2.0,2.0,C5
REMIND-MAgPIE 2.1-4.2,EN_NPi2020_2000,ENGAGE,2.0,2.0,C5
REMIND-MAgPIE 2.1-4.2,EN_NPi2020_2000f,ENGAGE,2.0,2.0,C5
REMIND-MAgPIE 2.1-4.2,EN_NPi2020_200f,ENGAGE,2.0,2.0,C1
REMIND-MAgPIE 2.1-4.2,EN_NPi2020_2500,ENGAGE,2.0,2.0,C6
REMIND-MAgPIE 2.1-4.2,EN_NPi2020_2500f,ENGAGE,2.0,2.0,C6
REMIND-MAgPIE 2.1-4.2,EN_NPi2020_3000,ENGAGE,2.0,2.0,C6
REMIND-MAgPIE 2.1-4.2,EN_NPi2020_3000f,ENGAGE,2.0,2.0,C6
REMIND-MAgPIE 2.1-4.2,EN_NPi2020_300f,ENGAGE,2.0,2.0,C1
REMIND-MAgPIE 2.1-4.2,EN_NPi2020_400,ENGAGE,2.0,2.0,C1
REMIND-MAgPIE 2.1-4.2,EN_NPi2020_400f,ENGAGE,2.0,2.0,C1
REMIND-MAgPIE 2.1-4.2,EN_NPi2020_500,ENGAGE,2.0,2.0,C1
REMIND-MAgPIE 2.1-4.2,EN_NPi2020_500f,ENGAGE,2.0,2.0,C2
REMIND-MAgPIE 2.1-4.2,EN_NPi2020_600,ENGAGE,2.0,2.0,C1
REMIND-MAgPIE 2.1-4.2,EN_NPi2020_600_COV,ENGAGE,2.0,2.0,C1
REMIND-MAgPIE 2.1-4.2,EN_NPi2020_600f,ENGAGE,2.0,2.0,C2
REMIND-MAgPIE 2.1-4.2,EN_NPi2020_600f_COV,ENGAGE,2.0,2.0,C1
REMIND-MAgPIE 2.1-4.2,EN_NPi2020_700,ENGAGE,2.0,2.0,C3
REMIND-MAgPIE 2.1-4.2,EN_NPi2020_700f,ENGAGE,2.0,2.0,C3
REMIND-MAgPIE 2.1-4.2,EN_NPi2020_800,ENGAGE,2.0,2.0,C3
REMIND-MAgPIE 2.1-4.2,EN_NPi2020_800f,ENGAGE,2.0,2.0,C3
REMIND-MAgPIE 2.1-4.2,EN_NPi2020_900,ENGAGE,2.0,2.0,C3
REMIND-MAgPIE 2.1-4.2,EN_NPi2020_900f,ENGAGE,2.0,2.0,C3
REMIND-MAgPIE 2.1-4.2,EN_NPi2100,ENGAGE,2.0,2.0,C7
REMIND-MAgPIE 2.1-4.2,EN_NPi2100_COV,ENGAGE,2.0,2.0,C7
REMIND-MAgPIE 2.1-4.2,EN_NoPolicy,ENGAGE,2.0,2.0,C7
REMIND-MAgPIE 2.1-4.2,NGFS2_Current Policies,NGFS2,2.0,2.0,C7
REMIND-MAgPIE 2.1-4.2,NGFS2_Current Policies - IPD-95th,NGFS2,2.0,2.0,C7
REMIND-MAgPIE 2.1-4.2,NGFS2_Current Policies - IPD-median,NGFS2,2.0,2.0,C7
REMIND-MAgPIE 2.1-4.2,NGFS2_Delayed Transition,NGFS2,2.0,2.0,C3
REMIND-MAgPIE 2.1-4.2,NGFS2_Divergent Net Zero Policies,NGFS2,2.0,2.0,C1
REMIND-MAgPIE 2.1-4.2,NGFS2_Nationally Determined Contributions (NDCs),NGFS2,2.0,2.0,C5
REMIND-MAgPIE 2.1-4.2,NGFS2_Net-Zero 2050,NGFS2,2.0,,C1
REMIND-MAgPIE 2.1-4.2,NGFS2_Net-Zero 2050 - IPD-95th,NGFS2,2.0,,C1
REMIND-MAgPIE 2.1-4.2,NGFS2_Net-Zero 2050 - IPD-median,NGFS2,2.0,,C1
REMIND-MAgPIE 2.1-4.2,SusDev_SDP-NPi,Soergel 2021,2.0,2.0,C5
REMIND-MAgPIE 2.1-4.2,SusDev_SDP-PkBudg1000,Soergel 2021,2.0,2.0,C1
REMIND-MAgPIE 2.1-4.2,SusDev_SSP1-NDC,Soergel 2021,2.0,1.0,C5
REMIND-MAgPIE 2.1-4.2,SusDev_SSP1-NPi,Soergel 2021,2.0,1.0,C5
REMIND-MAgPIE 2.1-4.2,SusDev_SSP1-PkBudg900,Soergel 2021,2.0,1.0,C1
REMIND-MAgPIE 2.1-4.2,SusDev_SSP2-NDC,Soergel 2021,2.0,2.0,C5
REMIND-MAgPIE 2.1-4.2,SusDev_SSP2-NPi,Soergel 2021,2.0,2.0,C7
REMIND-MAgPIE 2.1-4.2,SusDev_SSP2-PkBudg900,Soergel 2021,2.0,2.0,C1
REMIND-MAgPIE 2.1-4.3,DeepElec_SSP2_ HighRE_Budg1100,Luderer 2021,6.0,2.0,C3
REMIND-MAgPIE 2.1-4.3,DeepElec_SSP2_ HighRE_Budg1300,Luderer 2021,4.0,2.0,C3
REMIND-MAgPIE 2.1-4.3,DeepElec_SSP2_ HighRE_Budg900,Luderer 2021,4.0,2.0,C1
REMIND-MAgPIE 2.1-4.3,DeepElec_SSP2_Base,Luderer 2021,4.0,2.0,C7
REMIND-MAgPIE 2.1-4.3,DeepElec_SSP2_Npi,Luderer 2021,4.0,2.0,C7
REMIND-MAgPIE 2.1-4.3,DeepElec_SSP2_def_Budg1100,Luderer 2021,4.0,2.0,C2
REMIND-MAgPIE 2.1-4.3,DeepElec_SSP2_def_Budg1300,Luderer 2021,4.0,2.0,C3
REMIND-MAgPIE 2.1-4.3,DeepElec_SSP2_def_Budg900,Luderer 2021,4.0,2.0,C1
REMIND-Transport 2.1,Transport_Budg1100_Conv,Rottoli 2021,4.0,2.0,C3
REMIND-Transport 2.1,Transport_Budg1100_Conv-LowD,Rottoli 2021,4.0,2.0,C3
REMIND-Transport 2.1,Transport_Budg1100_ConvSyn,Rottoli 2021,4.0,2.0,C3
REMIND-Transport 2.1,Transport_Budg1100_ElecPush,Rottoli 2021,4.0,2.0,C3
REMIND-Transport 2.1,Transport_Budg1100_ElecPush-LowD,Rottoli 2021,4.0,2.0,C3
REMIND-Transport 2.1,Transport_Budg1100_H2Push,Rottoli 2021,4.0,2.0,C3
REMIND-Transport 2.1,Transport_NDC_Conv,Rottoli 2021,4.0,2.0,C6
REMIND-Transport 2.1,Transport_NPi_Conv,Rottoli 2021,4.0,2.0,C7
REMIND_EU 2.0,Eff_1p5,Rodrigues 2021,4.0,2.0,failed-vetting
REMIND_EU 2.0,Eff_Weak,Rodrigues 2021,4.0,2.0,failed-vetting
REMIND_EU 2.0,Eff_min80,Rodrigues 2021,4.0,2.0,failed-vetting
REMIND_EU 2.0,Incumb_1p5,Rodrigues 2021,4.0,2.0,failed-vetting
REMIND_EU 2.0,Incumb_Weak,Rodrigues 2021,4.0,2.0,failed-vetting
REMIND_EU 2.0,Incumb_min80,Rodrigues 2021,3.0,2.0,failed-vetting
REMIND_EU 2.0,NewPl_1p5,Rodrigues 2021,3.0,2.0,failed-vetting
REMIND_EU 2.0,NewPl_Weak,Rodrigues 2021,3.0,2.0,failed-vetting
REMIND_EU 2.0,NewPl_min80,Rodrigues 2021,3.0,2.0,failed-vetting
TIAM-ECN 1.1,EN_INDCi2030_1000,ENGAGE,3.0,2.0,C3
TIAM-ECN 1.1,EN_INDCi2030_1000_COV,ENGAGE,3.0,2.0,C3
TIAM-ECN 1.1,EN_INDCi2030_1000_NDCp,ENGAGE,3.0,2.0,C3
TIAM-ECN 1.1,EN_INDCi2030_1000f,ENGAGE,3.0,2.0,C3
TIAM-ECN 1.1,EN_INDCi2030_1000f_COV,ENGAGE,3.0,2.0,C3
TIAM-ECN 1.1,EN_INDCi2030_1000f_NDCp,ENGAGE,3.0,2.0,C3
TIAM-ECN 1.1,EN_INDCi2030_1200,ENGAGE,3.0,2.0,C3
TIAM-ECN 1.1,EN_INDCi2030_1200f,ENGAGE,3.0,2.0,C3
TIAM-ECN 1.1,EN_INDCi2030_1400,ENGAGE,3.0,2.0,C4
TIAM-ECN 1.1,EN_INDCi2030_1400f,ENGAGE,3.0,2.0,C4
TIAM-ECN 1.1,EN_INDCi2030_1600,ENGAGE,3.0,2.0,C4
TIAM-ECN 1.1,EN_INDCi2030_1600f,ENGAGE,3.0,2.0,C5
TIAM-ECN 1.1,EN_INDCi2030_2000,ENGAGE,3.0,2.0,C5
TIAM-ECN 1.1,EN_INDCi2030_2000f,ENGAGE,3.0,2.0,C5
TIAM-ECN 1.1,EN_INDCi2030_2500,ENGAGE,3.0,2.0,C5
TIAM-ECN 1.1,EN_INDCi2030_2500f,ENGAGE,3.0,2.0,C5
TIAM-ECN 1.1,EN_INDCi2030_3000,ENGAGE,3.0,2.0,C6
TIAM-ECN 1.1,EN_INDCi2030_3000f,ENGAGE,3.0,2.0,C6
TIAM-ECN 1.1,EN_INDCi2030_900,ENGAGE,3.0,2.0,C3
TIAM-ECN 1.1,EN_INDCi2030_900f,ENGAGE,3.0,2.0,C3
TIAM-ECN 1.1,EN_INDCi2100,ENGAGE,3.0,2.0,C7
TIAM-ECN 1.1,EN_INDCi2100_COV,ENGAGE,3.0,2.0,C7
TIAM-ECN 1.1,EN_INDCi2100_NDCp,ENGAGE,3.0,2.0,C7
TIAM-ECN 1.1,EN_NPi2020_1000,ENGAGE,3.0,2.0,C3
TIAM-ECN 1.1,EN_NPi2020_1000_COV,ENGAGE,3.0,2.0,C3
TIAM-ECN 1.1,EN_NPi2020_1000f,ENGAGE,3.0,2.0,C3
TIAM-ECN 1.1,EN_NPi2020_1000f_COV,ENGAGE,3.0,2.0,C3
TIAM-ECN 1.1,EN_NPi2020_1200,ENGAGE,3.0,2.0,C3
TIAM-ECN 1.1,EN_NPi2020_1200f,ENGAGE,3.0,2.0,C3
TIAM-ECN 1.1,EN_NPi2020_1400,ENGAGE,3.0,2.0,C4
TIAM-ECN 1.1,EN_NPi2020_1400f,ENGAGE,3.0,2.0,C4
TIAM-ECN 1.1,EN_NPi2020_1600,ENGAGE,3.0,2.0,C4
TIAM-ECN 1.1,EN_NPi2020_1600f,ENGAGE,3.0,2.0,C5
TIAM-ECN 1.1,EN_NPi2020_2000,ENGAGE,3.0,2.0,C5
TIAM-ECN 1.1,EN_NPi2020_2000f,ENGAGE,3.0,2.0,C5
TIAM-ECN 1.1,EN_NPi2020_2500,ENGAGE,3.0,2.0,C5
TIAM-ECN 1.1,EN_NPi2020_2500f,ENGAGE,3.0,2.0,C5
TIAM-ECN 1.1,EN_NPi2020_3000,ENGAGE,3.0,2.0,C6
TIAM-ECN 1.1,EN_NPi2020_3000f,ENGAGE,3.0,2.0,C6
TIAM-ECN 1.1,EN_NPi2020_800,ENGAGE,3.0,2.0,C3
TIAM-ECN 1.1,EN_NPi2020_800f,ENGAGE,3.0,2.0,C3
TIAM-ECN 1.1,EN_NPi2020_900,ENGAGE,3.0,2.0,C3
TIAM-ECN 1.1,EN_NPi2020_900f,ENGAGE,3.0,2.0,C3
TIAM-ECN 1.1,EN_NPi2100,ENGAGE,3.0,2.0,C7
TIAM-ECN 1.1,EN_NPi2100_COV,ENGAGE,3.0,2.0,C7
TIAM-ECN AFR 1.1,2DC,,3.0,2.0,failed-vetting
TIAM-ECN AFR 1.1,CAP,,3.0,2.0,failed-vetting
TIAM-ECN AFR 1.1,REF,,3.0,2.0,failed-vetting
TIAM-ECN AFR 1.1,TAX,,3.0,2.0,failed-vetting
TIAM-Grantham 3.2,CO_2Deg2020,COMMIT,3.0,2.0,no-climate-assessment
TIAM-Grantham 3.2,CO_2Deg2030,COMMIT,3.0,2.0,no-climate-assessment
TIAM-Grantham 3.2,CO_BAU,COMMIT,3.0,2.0,failed-vetting
TIAM-Grantham 3.2,CO_Bridge,COMMIT,3.0,2.0,no-climate-assessment
TIAM-Grantham 3.2,CO_CurPol,COMMIT,3.0,2.0,no-climate-assessment
TIAM-Grantham 3.2,CO_GPP,COMMIT,3.0,2.0,no-climate-assessment
TIAM-Grantham 3.2,CO_NDCplus,COMMIT,3.0,2.0,no-climate-assessment
TIAM-Grantham 3.2,CSH,PR Harmonization MIP,3.0,2.0,no-climate-assessment
TIAM-Grantham 3.2,PCSH,PR Harmonization MIP,3.0,2.0,no-climate-assessment
TIAM-Grantham 3.2,R,PR Harmonization MIP,3.0,2.0,no-climate-assessment
TIAM-Grantham 3.2,SH,PR Harmonization MIP,3.0,2.0,no-climate-assessment
TIAM-UCL 4.1.1,SSP2_1_5D-50_CCC2020,UCL 2020,3.0,2.0,failed-vetting
TIAM-UCL 4.1.1,SSP2_1_75D-66,UCL 2020,3.0,2.0,failed-vetting
TIAM-UCL 4.1.1,SSP2_1_75D-66_CCC2020,UCL 2020,3.0,2.0,failed-vetting
TIAM-UCL 4.1.1,SSP2_2D-66,UCL 2020,3.0,2.0,failed-vetting
TIAM-UCL 4.1.1,SSP2_2D-66_CCC2020,UCL 2020,3.0,2.0,failed-vetting
TIAM-UCL 4.1.1,SSP2_BASE,UCL 2020,3.0,2.0,failed-vetting
TIAM-UCL 4.1.1,SSP2_BASE_CCC2020,UCL 2020,3.0,2.0,failed-vetting
TIMES-China 2.0,EN_NP_2025_-1002050,,3.0,,
TIMES-China 2.0,EN_NP_2025_-302050,,3.0,,
TIMES-China 2.0,EN_NP_2025_-402050,,3.0,,
TIMES-China 2.0,EN_NP_2025_-502050,,3.0,,
TIMES-China 2.0,EN_NP_2025_-602050,,3.0,,
TIMES-China 2.0,EN_NP_2025_-702050,,3.0,,
TIMES-China 2.0,EN_NP_2025_-752050,,3.0,,
TIMES-China 2.0,EN_NP_2025_-802050,,3.0,,
TIMES-China 2.0,EN_NP_2025_-902050,,3.0,,
TIMES-China 2.0,EN_NP_BL,,3.0,,
TIMES-China 2.0,EN_NP_CurPol,,3.0,,
TIMES-China 2.0,EN_NP_UNDC,,3.0,,
TIMES-China 2.0,INDC,,3.0,,
TIMES-China 2.0,INDC_2030_290,,3.0,,
TIMES-China 2.0,INDC_2030_400,,3.0,,
TIMES-China 2.0,NDC,,3.0,,
TIMES-China 2.0,NPi,,3.0,,
TIMES-China 2.0,NPi_2020_290,,3.0,,
TIMES-China 2.0,NPi_2020_400,,3.0,,
TIMES-China 2.0,PEAK25-H,,3.0,,
TIMES-China 2.0,PEAK25-L,,3.0,,
TIMES-China 2.0,PEAK30-H,,3.0,,
TIMES-China 2.0,PEAK30-L,,3.0,,
WEM 2020,SDS,IEA 2020,2.0,2.0,no-climate-assessment
WITCH 4.6,DISCRATE_Ref_dr2p,Emmerling 2019,2.0,2.0,C8
WITCH 4.6,DISCRATE_Ref_dr3p,Emmerling 2019,2.0,2.0,C8
WITCH 4.6,DISCRATE_Ref_dr4p,Emmerling 2019,2.0,2.0,C8
WITCH 4.6,DISCRATE_Ref_dr5p,Emmerling 2019,2.0,2.0,C8
WITCH 4.6,DISCRATE_cb1000_cdrall_dr2p,Emmerling 2019,2.0,2.0,failed-vetting
WITCH 4.6,DISCRATE_cb1000_cdrall_dr3p,Emmerling 2019,2.0,2.0,failed-vetting
WITCH 4.6,DISCRATE_cb1000_cdrall_dr4p,Emmerling 2019,2.0,2.0,failed-vetting
WITCH 4.6,DISCRATE_cb1000_cdrall_dr5p,Emmerling 2019,2.0,2.0,failed-vetting
WITCH 4.6,DISCRATE_cb1000_cdrno_dr2p,Emmerling 2019,2.0,2.0,failed-vetting
WITCH 4.6,DISCRATE_cb1000_cdrno_dr3p,Emmerling 2019,2.0,2.0,failed-vetting
WITCH 4.6,DISCRATE_cb1000_cdrno_dr4p,Emmerling 2019,2.0,2.0,failed-vetting
WITCH 4.6,DISCRATE_cb1000_cdrno_dr5p,Emmerling 2019,2.0,2.0,failed-vetting
WITCH 4.6,DISCRATE_cb400_cdrall_dr2p,Emmerling 2019,2.0,2.0,failed-vetting
WITCH 4.6,DISCRATE_cb400_cdrall_dr3p,Emmerling 2019,2.0,2.0,failed-vetting
WITCH 4.6,DISCRATE_cb400_cdrall_dr4p,Emmerling 2019,2.0,2.0,failed-vetting
WITCH 4.6,DISCRATE_cb400_cdrall_dr5p,Emmerling 2019,2.0,2.0,failed-vetting
WITCH 4.6,DISCRATE_cb400_cdrno_dr2p,Emmerling 2019,2.0,2.0,failed-vetting
WITCH 4.6,DISCRATE_cb400_cdrno_dr3p,Emmerling 2019,2.0,2.0,failed-vetting
WITCH 4.6,DISCRATE_cb400_cdrno_dr4p,Emmerling 2019,2.0,2.0,failed-vetting
WITCH 4.6,DISCRATE_cb400_cdrno_dr5p,Emmerling 2019,2.0,2.0,failed-vetting
WITCH 4.6,DISCRATE_cb600_cdrall_dr2p,Emmerling 2019,2.0,2.0,failed-vetting
WITCH 4.6,DISCRATE_cb600_cdrall_dr3p,Emmerling 2019,2.0,2.0,failed-vetting
WITCH 4.6,DISCRATE_cb600_cdrall_dr4p,Emmerling 2019,2.0,2.0,failed-vetting
WITCH 4.6,DISCRATE_cb600_cdrall_dr5p,Emmerling 2019,2.0,2.0,failed-vetting
WITCH 4.6,DISCRATE_cb600_cdrno_dr2p,Emmerling 2019,2.0,2.0,failed-vetting
WITCH 4.6,DISCRATE_cb600_cdrno_dr3p,Emmerling 2019,2.0,2.0,failed-vetting
WITCH 4.6,DISCRATE_cb600_cdrno_dr4p,Emmerling 2019,2.0,2.0,failed-vetting
WITCH 4.6,DISCRATE_cb600_cdrno_dr5p,Emmerling 2019,2.0,2.0,failed-vetting
WITCH 5.0,CO_2Deg2020,COMMIT,2.0,2.0,C3
WITCH 5.0,CO_2Deg2030,COMMIT,2.0,2.0,C3
WITCH 5.0,CO_BAU,COMMIT,2.0,2.0,C7
WITCH 5.0,CO_Bridge,COMMIT,2.0,2.0,C3
WITCH 5.0,CO_CurPol,COMMIT,2.0,2.0,C7
WITCH 5.0,CO_GPP,COMMIT,2.0,2.0,C5
WITCH 5.0,CO_NDC_2050convergence,COMMIT,2.0,2.0,C5
WITCH 5.0,CO_NDCplus,COMMIT,2.0,2.0,C6
WITCH 5.0,EN_INDCi2030_1000,ENGAGE,2.0,2.0,C3
WITCH 5.0,EN_INDCi2030_1000_NDCp,ENGAGE,2.0,2.0,C3
WITCH 5.0,EN_INDCi2030_1000f,ENGAGE,2.0,2.0,C3
WITCH 5.0,EN_INDCi2030_1000f_NDCp,ENGAGE,2.0,2.0,C3
WITCH 5.0,EN_INDCi2030_1200,ENGAGE,2.0,2.0,C4
WITCH 5.0,EN_INDCi2030_1200_NDCp,ENGAGE,2.0,2.0,C4
WITCH 5.0,EN_INDCi2030_1200f,ENGAGE,2.0,2.0,C4
WITCH 5.0,EN_INDCi2030_1200f_NDCp,ENGAGE,2.0,2.0,C4
WITCH 5.0,EN_INDCi2030_1400,ENGAGE,2.0,2.0,C4
WITCH 5.0,EN_INDCi2030_1400_NDCp,ENGAGE,2.0,2.0,C4
WITCH 5.0,EN_INDCi2030_1400f,ENGAGE,2.0,2.0,C4
WITCH 5.0,EN_INDCi2030_1400f_NDCp,ENGAGE,2.0,2.0,C4
WITCH 5.0,EN_INDCi2030_1600,ENGAGE,2.0,2.0,C5
WITCH 5.0,EN_INDCi2030_1600_NDCp,ENGAGE,2.0,2.0,C5
WITCH 5.0,EN_INDCi2030_1600f,ENGAGE,2.0,2.0,C5
WITCH 5.0,EN_INDCi2030_1600f_NDCp,ENGAGE,2.0,2.0,C5
WITCH 5.0,EN_INDCi2030_1800,ENGAGE,2.0,2.0,C5
WITCH 5.0,EN_INDCi2030_1800_NDCp,ENGAGE,2.0,2.0,C5
WITCH 5.0,EN_INDCi2030_1800f,ENGAGE,2.0,2.0,C5
WITCH 5.0,EN_INDCi2030_1800f_NDCp,ENGAGE,2.0,2.0,C5
WITCH 5.0,EN_INDCi2030_2000,ENGAGE,2.0,2.0,C5
WITCH 5.0,EN_INDCi2030_2000_NDCp,ENGAGE,2.0,2.0,C5
WITCH 5.0,EN_INDCi2030_2000f,ENGAGE,2.0,2.0,C5
WITCH 5.0,EN_INDCi2030_2000f_NDCp,ENGAGE,2.0,2.0,C5
WITCH 5.0,EN_INDCi2030_2500,ENGAGE,2.0,2.0,C5
WITCH 5.0,EN_INDCi2030_2500_NDCp,ENGAGE,2.0,2.0,C5
WITCH 5.0,EN_INDCi2030_2500f,ENGAGE,2.0,2.0,C5
WITCH 5.0,EN_INDCi2030_2500f_NDCp,ENGAGE,2.0,2.0,C5
WITCH 5.0,EN_INDCi2030_3000,ENGAGE,2.0,2.0,C6
WITCH 5.0,EN_INDCi2030_3000_NDCp,ENGAGE,2.0,2.0,C6
WITCH 5.0,EN_INDCi2030_3000f,ENGAGE,2.0,2.0,C6
WITCH 5.0,EN_INDCi2030_3000f_NDCp,ENGAGE,2.0,2.0,C6
WITCH 5.0,EN_INDCi2030_500f,ENGAGE,2.0,2.0,C2
WITCH 5.0,EN_INDCi2030_600f,ENGAGE,2.0,2.0,C3
WITCH 5.0,EN_INDCi2030_600f_NDCp,ENGAGE,2.0,2.0,C3
WITCH 5.0,EN_INDCi2030_700f,ENGAGE,2.0,2.0,C3
WITCH 5.0,EN_INDCi2030_700f_NDCp,ENGAGE,2.0,2.0,C3
WITCH 5.0,EN_INDCi2030_800,ENGAGE,2.0,2.0,C3
WITCH 5.0,EN_INDCi2030_800_NDCp,ENGAGE,2.0,2.0,C3
WITCH 5.0,EN_INDCi2030_800f,ENGAGE,2.0,2.0,C3
WITCH 5.0,EN_INDCi2030_800f_NDCp,ENGAGE,2.0,2.0,C3
WITCH 5.0,EN_INDCi2030_900,ENGAGE,2.0,2.0,C3
WITCH 5.0,EN_INDCi2030_900_NDCp,ENGAGE,2.0,2.0,C3
WITCH 5.0,EN_INDCi2030_900f,ENGAGE,2.0,2.0,C3
WITCH 5.0,EN_INDCi2030_900f_NDCp,ENGAGE,2.0,2.0,C3
WITCH 5.0,EN_INDCi2100,ENGAGE,2.0,2.0,C6
WITCH 5.0,EN_INDCi2100_NDCp,ENGAGE,2.0,2.0,C6
WITCH 5.0,EN_NPi2020_1000,ENGAGE,2.0,2.0,C3
WITCH 5.0,EN_NPi2020_1000f,ENGAGE,2.0,2.0,C3
WITCH 5.0,EN_NPi2020_1200,ENGAGE,2.0,2.0,C4
WITCH 5.0,EN_NPi2020_1200f,ENGAGE,2.0,2.0,C4
WITCH 5.0,EN_NPi2020_1400,ENGAGE,2.0,2.0,C4
WITCH 5.0,EN_NPi2020_1400f,ENGAGE,2.0,2.0,C4
WITCH 5.0,EN_NPi2020_1600,ENGAGE,2.0,2.0,C4
WITCH 5.0,EN_NPi2020_1600f,ENGAGE,2.0,2.0,C4
WITCH 5.0,EN_NPi2020_1800,ENGAGE,2.0,2.0,C5
WITCH 5.0,EN_NPi2020_1800f,ENGAGE,2.0,2.0,C5
WITCH 5.0,EN_NPi2020_2000,ENGAGE,2.0,2.0,C5
WITCH 5.0,EN_NPi2020_2000f,ENGAGE,2.0,2.0,C5
WITCH 5.0,EN_NPi2020_2500,ENGAGE,2.0,2.0,C5
WITCH 5.0,EN_NPi2020_2500f,ENGAGE,2.0,2.0,C5
WITCH 5.0,EN_NPi2020_3000,ENGAGE,2.0,2.0,C6
WITCH 5.0,EN_NPi2020_3000f,ENGAGE,2.0,2.0,C6
WITCH 5.0,EN_NPi2020_400f,ENGAGE,2.0,2.0,C1
WITCH 5.0,EN_NPi2020_450,ENGAGE,2.0,2.0,C1
WITCH 5.0,EN_NPi2020_450f,ENGAGE,2.0,2.0,C1
WITCH 5.0,EN_NPi2020_500,ENGAGE,2.0,2.0,C1
WITCH 5.0,EN_NPi2020_500f,ENGAGE,2.0,2.0,C1
WITCH 5.0,EN_NPi2020_600,ENGAGE,2.0,2.0,C3
WITCH 5.0,EN_NPi2020_600f,ENGAGE,2.0,2.0,C3
WITCH 5.0,EN_NPi2020_700,ENGAGE,2.0,2.0,C3
WITCH 5.0,EN_NPi2020_700f,ENGAGE,2.0,2.0,C3
WITCH 5.0,EN_NPi2020_800,ENGAGE,2.0,2.0,C3
WITCH 5.0,EN_NPi2020_800f,ENGAGE,2.0,2.0,C3
WITCH 5.0,EN_NPi2020_900,ENGAGE,2.0,2.0,C3
WITCH 5.0,EN_NPi2020_900f,ENGAGE,2.0,2.0,C3
WITCH 5.0,EN_NPi2100,ENGAGE,2.0,2.0,C7
WITCH 5.0,EN_NoPolicy,ENGAGE,2.0,2.0,C7
WITCH-GLOBIOM 4.2,ADVANCE_WP2_TRA-450-FullTech,ADVANCE Sector Studies,2.0,,no-climate-assessment
WITCH-GLOBIOM 4.2,ADVANCE_WP2_TRA-Base-FullTech,ADVANCE Sector Studies,2.0,,no-climate-assessment
WITCH-GLOBIOM 4.2,ADVANCE_WP2_TRA-Ctax-FullTech,ADVANCE Sector Studies,2.0,,no-climate-assessment
GCAM 5.3,NGFS2_Below 2?C,,,,
MESSAGEix-GLOBIOM_1.1,NGFS2_Below 2?C,,,,
REMIND-MAgPIE 2.1-4.2,NGFS2_Below 2?C,,,,
REMIND-MAgPIE 2.1-4.2,NGFS2_Below 2?C - IPD-95th,,,,
REMIND-MAgPIE 2.1-4.2,NGFS2_Below 2?C - IPD-median,,,,
